
INSERT INTO users (email, username, password) VALUES
('art@art',	'aaa', 'QmFzZTIwMjLCiyMWgeZmxrfD2Wq5LYvkasDYAL3GtKvkim7P1uORBg'),
('Ivan@mail.ru', 'Иван', 'WdncinwDsfkidfnvDFvndojfnsoicfSCSDdcddddfdfdddddddddd'),
('Anna@mail.com', 'Аня', 'FFFFFFFFFffjfhhhhhhhhhhhhhhhhhhhfjjfjdkfjkdjfkdjdfdf'),
('Petya@mail.com', 'Петя', 'Mdskdjskskjbnkjsnkjbnjnjjjnjjjjjjjjjjjjjfbnjsn'),
('Leonid@mail.com', 'Леонид', 'fffffffffffffffffffffffffffffffffffffffffFFF'),
('Katya@mail.com', 'Катя', 'kjnkJJJJJJJJJKkKKKKKKKKKKKKKKKKKKKKKKKKKKKKKKmmmm'),
('Misha@mail.com', 'Михаил', 'GGGGGHHHHJFGFGRGGGGGGGGGGGGGGGFHDFGfgfgfgfg'),
('MM@mail.com', 'Маша', 'MMMMMMMMMMMMMMMMMMMMMMMMMMMMMMMMMMMMMMvvvvvvvvvvv'),
('Master@mail.com', 'Мастер ', 'FFFFFFFFFFFFFFFffffkffkfkkkfkfkfkkmgdkgmmb');

INSERT INTO address (userID, city, street, house, flat, priority) VALUES
(1, 'default', 'default', 'default', 'default', false);

INSERT INTO payment (userID, paymentType, number, expiryDate, priority) VALUES
(1, 'Card', 'default', '1975-08-19T23:15:30.000Z', false);


INSERT INTO products (name, category, nominalPrice, price, imgsrc) VALUES
('Монитор Xiaomi Mi 27', 'monitors', 14999, 13999,'https://img.reazon.ru/30058309bb.webp'),
('Монитор Xiaomi Mi 23.8', 'monitors', 11999, 11999, 'https://img.reazon.ru/30054775bb.webp'),
('Монитор HUAWEI MateView GT 27', 'monitors', 25999, 24999, 'https://img.reazon.ru/30059512b.webp'),
('Монитор HUAWEI MateView SE SSN-24', 'monitors', 10499, 10499, 'https://img.reazon.ru/30063630bb.webp'),
('Монитор игровой Acer Nitro QG241Ybii', 'monitors', 9999, 9999, 'https://img.reazon.ru/30045322bb.webp'),
('Монитор игровой Samsung C24RG50FZI', 'monitors', 14499, 14499, 'https://img.reazon.ru/30064611b.webp'),
('Монитор Samsung S24R350FZI', 'monitors', 11999, 11999, 'https://img.reazon.ru/30064610b.webp'),
('Монитор игровой Thunderobot F23H60', 'monitors', 9999, 9999, 'https://img.reazon.ru/30064559bb.webp'),
('Монитор игровой HUAWEI MateView GT 34'' ZQE-CBA', 'monitors', 36399, 36399, 'https://img.reazon.ru/30059511bb.webp'),
('Монитор игровой Acer VG240YUbmiipx', 'monitors', 15999, 15999, 'https://img.reazon.ru/30040212bb.webp'),
('Монитор Irbis VIEWORLD 20 (IMVW20)', 'monitors', 4999, 4999, 'https://img.reazon.ru/30064466bb.webp'),
('Монитор игровой AOPEN 27HC5RPbiipx', 'monitors', 16499, 16499, 'https://img.reazon.ru/30050968bb.webp'),
('Монитор игровой AOC C27G2ZU/BK', 'monitors', 24199, 24199, 'https://img.reazon.ru/30054814bb.webp'),
('Монитор игровой Samsung S24AG302NI', 'monitors', 16999, 16999, 'https://img.reazon.ru/30062267bb.webp'),
('Монитор игровой AOC G2490VXA', 'monitors', 14899, 14899, 'https://img.reazon.ru/30058870bb.webp'),
('Монитор игровой HUAWEI MateView GT 34"', 'monitors', 45999, 41999, 'https://img.reazon.ru/30057503bb.webp'),
('Монитор Irbis VIEWORLD 22', 'monitors', 7299, 6699, 'https://img.reazon.ru/30064558bb.webp'),
('Монитор игровой Acer ED270UPbiipx', 'monitors', 22499, 22499, 'https://img.reazon.ru/30054970bb.webp'),
('Монитор HUAWEI MateView 28"', 'monitors', 59999, 49999, 'https://img.reazon.ru/30057504bb.webp'),
('Монитор игровой Samsung F27G33TFWI', 'monitors', 19999, 19999, 'https://img.reazon.ru/30064607b.webp'),
('Монитор AOC 27B2H', 'monitors', 12499, 12499, 'https://img.reazon.ru/30051548bb.webp'),
('Монитор игровой Rombica SkyView V24', 'monitors', 13999, 13999, 'https://img.reazon.ru/30064580bb.webp'),
('Монитор Samsung C27F390FHI', 'monitors', 13499, 13499, 'https://img.reazon.ru/30025151b.webp'),
('Монитор Samsung C24F390FHI', 'monitors', 10999, 10999, 'https://img.reazon.ru/30025150b.webp'),
('Монитор игровой AOPEN 32HC5QRPbiipx', 'monitors', 19499, 19499, 'https://img.reazon.ru/30050969bb.webp'),
('Монитор Xiaomi Mi 1C 23.8"', 'monitors', 11999, 10999, 'https://img.reazon.ru/30054775bb.webp'),
('Монитор Acer R241YBwmix', 'monitors', 18499, 12999, 'https://img.reazon.ru/30045324bb.webp'),
('Монитор Digma 27" (DM-MONF2710)', 'monitors', 11799, 11799, 'https://img.reazon.ru/30057091bb.webp'),
('Монитор Acer KB272HLHbi', 'monitors', 13499, 11499, 'https://img.reazon.ru/30054992bb.webp'),
('Монитор Acer RG270bmiix', 'monitors', 17499, 17499, 'https://img.reazon.ru/30039349b.webp'),

('Смартфон Tecno Spark 8с', 'phones', 12999, 6999, 'https://img.reazon.ru/30062036bb.webp'),
('Смартфон realme GT Master', 'phones', 29999, 29999, 'https://img.reazon.ru/30058843bb.webp'),
('Apple iPhone 11 128GB', 'phones', 62999, 44999, 'https://img.reazon.ru/30063237bb.webp'),
('Apple iPhone 13 128GB', 'phones', 79999, 66199, 'https://img.reazon.ru/30063534bb.webp'),
('Apple iPhone 13 Pro', 'phones', 122999, 87699, 'https://img.reazon.ru/30063566b.webp'),
('Apple iPhone 13 Pro Max 256GB', 'phones', 120999, 104399, 'https://img.reazon.ru/30063191bb.webp'),
('Apple iPhone 13 mini', 'phones', 72999, 59799, 'https://img.reazon.ru/30063553bb.webp'),
('Apple iPhone 12 128GB', 'phones', 69999, 58499, 'https://img.reazon.ru/30063499bb.webp'),
('Apple iPhone 12 Pro Max', 'phones', 109999, 88000, 'https://img.reazon.ru/30052915bb.webp'),
('Apple iPhone 12 mini', 'phones', 69999, 60999, 'https://img.reazon.ru/30063517bb.webp'),
('Смартфон Samsung Galaxy S22 Ultra', 'phones', 84999, 84999, 'https://img.reazon.ru/30066408b.webp'),
('Смартфон Samsung Galaxy Z Fold4', 'phones', 113999, 112999, 'https://img.reazon.ru/30065099bb.webp'),
('Смартфон Infinix Zero X pro X6811 8/256Gb Black', 'phones', 29999, 15999, 'https://img.reazon.ru/400021240b.webp'),
('Смартфон Apple iPhone 11 64GB Black', 'phones', 57999, 40799, 'https://img.reazon.ru/30063492bb.webp'),
('Смартфон Apple iPhone 14 128GB Blue eSIM', 'phones', 84999, 71499, 'https://img.reazon.ru/30064865bb.webp'),
('Смартфон Xiaomi Redmi A1+ 32Gb Light Blue', 'phones', 7499, 4999, 'https://img.reazon.ru/30065371bb.webp'),
('Смартфон Samsung Galaxy S21 FE 5G 8/128GB', 'phones', 49999, 42999, 'https://img.reazon.ru/30065308bb.webp'),
('Смартфон Xiaomi Redmi 10C 4GB/128GB', 'phones', 19999, 12999, 'https://img.reazon.ru/30063084bb.webp'),
('Смартфон Samsung Galaxy A13 4/64Gb', 'phones', 12299, 12299, 'https://img.reazon.ru/30063254bb.webp'),
('Смартфон realme C31 3/32', 'phones', 12999, 6999, 'https://img.reazon.ru/30063689bb.webp'),
('Смартфон vivo Y35 4/128Gb Agate Black', 'phones', 19999, 13999, 'https://img.reazon.ru/30064437bb.webp'),
('Смартфон Tecno Spark 9 Pro 4/128Gb', 'phones', 12999, 9999, 'https://img.reazon.ru/30064451bb.webp'),
('Смартфон Tecno POVA 3 6/128Gb', 'phones', 18999, 13999, 'https://img.reazon.ru/30064453bb.webp'),
('Смартфон vivo V25e 8/128Gb', 'phones', 27999, 21999, 'https://img.reazon.ru/30065350bb.webp'),
('Смартфон Samsung Galaxy A73 5G 8/256GB', 'phones', 35199, 35199, 'https://img.reazon.ru/30063631bb.webp'),
('Смартфон Xiaomi Redmi 9A 32GB', 'phones', 8999, 5999, 'https://img.reazon.ru/30051224bb.webp'),
('Смартфон realme C30 2/32', 'phones', 9999, 4999, 'https://img.reazon.ru/30064216bb.webp'),
('Смартфон HUAWEI nova Y70', 'phones', 18999, 12999, 'https://img.reazon.ru/30064178b.webp'),
('Смартфон Honor X8 6+128Gb', 'phones', 23999, 17999, 'https://img.reazon.ru/30065649bb.webp'),
('Смартфон realme 10 4G 8/128Gb', 'phones', 21999, 17999, 'https://img.reazon.ru/30065764bb.webp'),

('Системный блок игровой MUST MBM114 (I5-11400F/16GB/512Gb+1TB/RTX3060/NOOS)', 'computers', 96999, 96999, 'https://img.reazon.ru/30064259bb.webp'),
('Системный блок игровой MSI MAG Codex 5 11SC-1037XRU', 'computers', 93899, 74999, 'https://img.reazon.ru/30063347bb.webp'),
('Системный блок HP Slim Desktop S01-aF0009ur 24U68EA', 'computers', 12799, 12799, 'https://img.reazon.ru/30058598bb.webp'),
('Системный блок игровой Acer NITRO 50 N50-640 (DG.E2VER.003)', 'computers', 136999, 136999, 'https://img.reazon.ru/30063373bb.webp'),
('Системный блок игровой Raskat STRIKE 520 103695', 'computers', 52499, 52499, 'https://img.reazon.ru/30065110bb.webp'),
('Системный блок игровой Thunderobot Alpha D', 'computers', 74999, 59999, 'https://img.reazon.ru/30065976bb.webp'),
('Системный блок игровой MUST MBM360', 'computers', 68999, 61999, 'https://img.reazon.ru/30064257bb.webp'),
('Системный блок игровой iRU 310H5GE', 'computers', 75999, 69999, 'https://img.reazon.ru/400018053bb.webp'),
('Системный блок игровой MUST MBM3600290822', 'computers', 42999, 42999, 'https://img.reazon.ru/30065360bb.webp'),
('Системный блок игровой MSI MEG Infinite X MS-B916 9S6-B91661-1272', 'computers', 186199, 149999, 'https://img.reazon.ru/30064442bb.webp'),
('Системный блок игровой MUST MBM360', 'computers', 77999, 73999, 'https://img.reazon.ru/30064256bb.webp'),
('Системный блок игровой Acer NITRO 50 N50-640', 'computers', 162999, 162999, 'https://img.reazon.ru/30063373bb.webp'),
('Системный блок игровой Raskat STRIKE 520 105617', 'computers', 86999, 86999, 'https://img.reazon.ru/30065465bb.webp'),
('Системный блок игровой Raskat STRIKE 520 105615', 'computers', 64999, 64999, 'https://img.reazon.ru/30065464bb.webp'),
('Системный блок игровой HP Victus 15L DT TG02-0061ci 699A3EA', 'computers', 93999, 93999, 'https://img.reazon.ru/30065439bb.webp'),
('Системный блок Raskat Standart 500 99790', 'computers', 31199, 31199, 'https://img.reazon.ru/30064143bb.webp'),
('Системный блок игровой Acer Predator Orion 3000 PO3-630 DG.E2CMC.004', 'computers', 135999, 135999, 'https://img.reazon.ru/30064587bb.webp'),
('Системный блок игровой Acer Aspire TC-1660 DG.BGZER.011', 'computers', 65999, 65999, 'https://img.reazon.ru/30060813bb.webp'),
('Системный блок игровой MSI MPG Trident A', 'computers', 146999, 146999, 'https://img.reazon.ru/30064740bb.webp'),
('Системный блок игровой ASUS ROG G15 Tower DT G15DK-R5600X0040', 'computers', 118799, 118799, 'https://img.reazon.ru/30064588bb.webp'),
('Системный блок MUST MBM114', 'computers', 33999, 33999, 'https://img.reazon.ru/30064354bb.webp'),
('Системный блок игровой Acer TC-1660', 'computers', 80899, 80899, 'https://img.reazon.ru/30062286bb.webp'),
('Системный блок Lenovo IdeaCentre 3 07ADA05', 'computers', 29999, 27999, 'https://img.reazon.ru/30050692bb.webp'),
('Системный блок Raskat Standart 300 105126', 'computers', 26899, 26899, 'https://img.reazon.ru/30064656bb.webp'),
('Системный блок игровой ASUS S500MC-310105017W', 'computers', 39999, 34999, 'https://img.reazon.ru/30061346bb.webp'),
('Системный блок игровой MSI MAG Infinite 11TC-1484RU', 'computers', 105299, 105299, 'https://img.reazon.ru/400010060b.webp'),
('Системный блок игровой MSI MAG Infinite 11TC-1435RU', 'computers', 99699, 99699, 'https://img.reazon.ru/30062078bb.webp'),
('Системный блок Raskat STANDART300', 'computers', 32899, 32899, 'https://img.reazon.ru/30064485bb.webp'),
('Системный блок игровой ASUS ROG STRIX G10DK-A3400G058W', 'computers', 82999, 74999, 'https://img.reazon.ru/30062465bb.webp'),
('Системный блок игровой Thunderobot Alpha XD', 'computers', 94999, 79999, 'https://img.reazon.ru/30066252bb.webp'),

('Телевизор Haier 55 Smart TV MX', 'tvs', 41999, 39999, 'https://img.reazon.ru/10030234bb.webp'),
('Телевизор Яндекс 43', 'tvs', 29999, 26999, 'https://img.reazon.ru/10031656bb.webp'),
('Телевизор Toshiba 50C350KE', 'tvs', 44999, 29999, 'https://img.reazon.ru/10030415bb.webp'),
('Телевизор Haier 65 Smart TV AX Pro', 'tvs', 109999, 79999, 'https://img.reazon.ru/10030671bb.webp'),
('Телевизор Toshiba 55C350KE', 'tvs', 54999, 38999, 'https://img.reazon.ru/10029729bb.webp'),
('Телевизор Philips The One 58PUS8506/60', 'tvs', 76999, 62999, 'https://img.reazon.ru/10027331bb.webp'),
('Телевизор Toshiba 32V35KE', 'tvs', 22999, 17999, 'https://img.reazon.ru/10029724bb.webp'),
('Телевизор realme TV 43', 'tvs', 31999, 31999, 'https://img.reazon.ru/10031360bb.webp'),
('Телевизор Toshiba 43V35KE', 'tvs', 26999, 24999, 'https://img.reazon.ru/10030409bb.webp'),
('Телевизор Grundig 65 GGU 7900B', 'tvs', 79999, 67999, 'https://img.reazon.ru/10031231bb.webp'),
('Телевизор Philips 65PUS7406/60', 'tvs', 76999, 56999, 'https://img.reazon.ru/10027337bb.webp'),
('Телевизор Витязь 55LU1204 Smart', 'tvs', 32999, 26999, 'https://img.reazon.ru/10025478bb.webp'),
('Телевизор Grundig 55 GGU 7970A', 'tvs', 69999, 57999, 'https://img.reazon.ru/10031234bb.webp'),
('Телевизор Grundig 55 GFU 7800B', 'tvs', 53999, 42999, 'https://img.reazon.ru/10031217bb.webp'),
('Телевизор Toshiba 50C350KE', 'tvs', 44999, 29999, 'https://img.reazon.ru/10030415bb.webp'),
('Телевизор Haier 50 Smart TV MX', 'tvs', 33999, 29999, 'https://img.reazon.ru/10026498bb.webp'),
('Телевизор Haier 32 Smart TV MX', 'tvs', 17999, 15999, 'https://img.reazon.ru/10026500bb.webp'),
('Телевизор Haier 55 Smart TV AX Pro', 'tvs', 69999, 59999, 'https://img.reazon.ru/10030670bb.webp'),
('Телевизор Hisense 43A6BG', 'tvs', 24999, 24999, 'https://img.reazon.ru/10030410bb.webp'),
('Телевизор Haier 50 Smart TV AX Pro', 'tvs', 44999, 49999, 'https://img.reazon.ru/10031522bb.webp'),
('Телевизор Витязь 32LF1210 Smart', 'tvs', 12999, 8999, 'https://img.reazon.ru/10026805bb.webp'),
('Телевизор Hisense 40A4BG', 'tvs', 16999, 16999, 'https://img.reazon.ru/10030408bb.webp'),
('Телевизор realme 32 RMT101', 'tvs', 22499, 14999, 'https://img.reazon.ru/10031384bb.webp'),
('Телевизор Hisense 55A6BG', 'tvs', 34999, 34999, 'https://img.reazon.ru/10030412bb.webp'),
('Телевизор HEC R1 43 S 4K', 'tvs', 19999, 19999, 'https://img.reazon.ru/10030697bb.webp'),
('Телевизор Artel A32KH5500', 'tvs', 16499, 14999, 'https://img.reazon.ru/10031346bb.webp'),
('Телевизор Hisense 32A4BG', 'tvs', 14999, 13999, 'https://img.reazon.ru/10030407bb.webp'),
('Телевизор Toshiba 43C350KE', 'tvs', 34999, 29999, 'https://img.reazon.ru/10029726bb.webp'),
('Телевизор Novex NWX-50U169TSY', 'tvs', 28999, 21999, 'https://img.reazon.ru/10028918bb.webp'),
('Телевизор Hisense 43A5730FA', 'tvs', 21999, 19999, 'https://img.reazon.ru/10029722bb.webp'),

('Смарт-часы HUAWEI Watch GT2 Matte Black', 'watches', 10999, 8999, 'https://img.reazon.ru/30045872bb.webp'),
('Смарт-часы Samsung Galaxy Watch5 40mm Pink Gold', 'watches', 21999, 16999, 'https://img.reazon.ru/30065408bb.webp'),
('Смарт-часы Xiaomi Redmi Watch 2 Lite Black (BHR5436GL)', 'watches', 4599, 3999, 'https://img.reazon.ru/30061134bb.webp'),
('Смарт-часы Apple Watch Series 8 41mm Starlight Aluminium Sport S/M', 'watches', 39999, 38999, 'https://img.reazon.ru/30066237bb.webp'),
('Смарт-часы HUAWEI FIT 2 Active Edition', 'watches', 7199, 7199, 'https://img.reazon.ru/30063319bb.webp'),
('Смарт-часы HUAWEI FIT 2 Active Edition', 'watches', 7999, 7999, 'https://img.reazon.ru/30063360bb.webp'),
('Смарт-часы HUAWEI Watch GT 2 Pro', 'watches', 18999, 13999, 'https://img.reazon.ru/30050949bb.webp'),
('Смарт-часы HUAWEI Watch Fit New', 'watches', 6999, 5499, 'https://img.reazon.ru/30058463bb.webp'),
('Смарт-часы Samsung Galaxy Watch5 44mm', 'watches', 24499, 19999, 'https://img.reazon.ru/30065409bb.webp'),
('Смарт-часы HUAWEI FIT 2 Classic Edition', 'watches', 9999, 9999, 'https://img.reazon.ru/30063363bb.webp'),
('Смарт-часы Honor Watch ES Black', 'watches', 5999, 4999, 'https://img.reazon.ru/30056033b.webp'),
('Смарт-часы Digma Smartline R1 1.3'' TFT Black', 'watches', 1699, 1299, 'https://img.reazon.ru/30060642bb.webp'),
('Смарт-часы Samsung Galaxy Watch5 Pro 45mm', 'watches', 34999, 27999, 'https://img.reazon.ru/30065440bb.webp'),
('Смарт-часы HUAWEI Watch 3 Pro Brown', 'watches', 33999, 29999, 'https://img.reazon.ru/30057336bb.webp'),
('Смарт-часы Xiaomi Watch S1 Active GL', 'watches', 11999, 10999, 'https://img.reazon.ru/30063232bb.webp'),
('Смарт-часы HUAWEI GT 3 MIL-B19', 'watches', 17999, 15999, 'https://img.reazon.ru/30059694bb.webp'),
('Смарт-часы HUAWEI Watch 3 Black', 'watches', 22999, 22999, 'https://img.reazon.ru/30057333bb.webp'),
('Смарт-часы Xiaomi Watch S1 GL Black', 'watches', 15999, 14999, 'https://img.reazon.ru/30063233bb.webp'),
('Смарт-часы HUAWEI Watch D Graphite Black', 'watches', 29999, 25999, 'https://img.reazon.ru/30065114bb.webp'),
('Смарт-часы HUAWEI GT 3 Pro Light Titanium Gray Leather', 'watches', 22999, 20999, 'https://img.reazon.ru/30061593b.webp'),
('Смарт-часы HUAWEI Watch 3 Brown', 'watches', 22999, 22999, 'https://img.reazon.ru/30057334bb.webp'),
('Смарт-часы HUAWEI FIT 2 Active Edition Isle Blue', 'watches', 9999, 8499, 'https://img.reazon.ru/30063361bb.webp'),
('Смарт-часы Xiaomi Watch S1 GL Silver', 'watches', 15999, 14999, 'https://img.reazon.ru/30063234bb.webp'),
('Смарт-часы HUAWEI Watch Fit Rose Gold', 'watches', 6999, 5499, 'https://img.reazon.ru/30050953bb.webp'),
('Смарт-часы Samsung Galaxy Watch4 40mm', 'watches', 15999, 15999, 'https://img.reazon.ru/30063788b.webp'),
('Смарт-часы HUAWEI Watch GT2 Pebble Brown', 'watches', 10999, 10999, 'https://img.reazon.ru/30045873bb.webp'),
('Смарт-часы Samsung Galaxy Watch4 Classic 46mm', 'watches', 19999, 19999, 'https://img.reazon.ru/30058378bb.webp'),
('Смарт-часы HUAWEI GT 3 Pro Gold Bezel White Ceramic', 'watches', 31499, 31499, 'https://img.reazon.ru/30063293b.webp'),
('Смарт-часы Samsung Galaxy Watch4 44mm', 'watches', 14999, 14999, 'https://img.reazon.ru/30064357bb.webp'),
('Смарт-часы Samsung Galaxy Watch Active SM-R500', 'watches', 18999, 18999, 'https://img.reazon.ru/30043073bb.webp'),

('Планшет Apple iPad 10.2 Wi-Fi 64GB Silver (MK2L3)', 'tablets', 27999, 27999, 'https://img.reazon.ru/30064044b.webp'),
('Планшет Samsung Galaxy Tab A8 10.5 LTE 64GB Gray (SM-X205)', 'tablets', 21999, 21999, 'https://img.reazon.ru/30064063b.webp'),
('Планшет HUAWEI MatePad 10.4 4/128GB LTE Grey (BAH4-L09)', 'tablets', 19999, 19999, 'https://img.reazon.ru/30064395b.webp'),
('Планшет Digma 10 A502 3G', 'tablets', 4999, 4999, 'https://img.reazon.ru/400003048bb.webp'),
('Планшет HUAWEI MatePad T8 3+32GB LTE Blue', 'tablets', 9999, 9999, 'https://img.reazon.ru/30064327bb.webp'),
('Планшет HUAWEI MatePad SE (AGS5-W09) 4/128Gb WiFi Black', 'tablets', 17999, 16999, 'https://img.reazon.ru/30065629bb.webp'),
('Планшет Samsung Galaxy Tab A8 10.5" 32Gb Wi-Fi Gray', 'tablets', 14499, 13899, 'https://img.reazon.ru/30065373b.webp'),
('Планшет (клавиатура,чехол) HUAWEI MatePad 10.4" 4/128GB Wi-Fi Grey', 'tablets', 27999, 24999, 'https://img.reazon.ru/30064397b.webp'),
('Планшет TCL TAB 10L 8491X Black', 'tablets', 9999, 8999, 'https://img.reazon.ru/30063829bb.webp'),
('Планшет HUAWEI MatePad SE (AGS5-W09) 4/64Gb WiFi Black', 'tablets', 15999, 13999, 'https://img.reazon.ru/30065627bb.webp'),
('Планшет Samsung Galaxy Tab A 8.0 LTE 32Gb Black', 'tablets', 10599, 10599, 'https://img.reazon.ru/30063910b.webp'),
('Планшет Apple iPad 10.2 Wi-Fi 256GB Space Grey', 'tablets', 44999, 41499, 'https://img.reazon.ru/30063252bb.webp'),
('Планшет realme Pad RMP2103 4/64 ГБ Gray', 'tablets', 22999, 16999, 'https://img.reazon.ru/30063160bb.webp'),
('Планшет Samsung Galaxy Tab A7 Lite Wi-Fi 32GB Gray', 'tablets', 11999, 11999, 'https://img.reazon.ru/30064028b.webp'),
('Планшет Samsung Galaxy Tab A7 Lite LTE 3/32Gb Gray', 'tablets', 12999, 12999, 'https://img.reazon.ru/30064024b.webp'),
('Планшет HUAWEI MatePad 11 6+128GB Wi-Fi Grey', 'tablets', 28999, 28999, 'https://img.reazon.ru/30064398bb.webp'),
('Планшет HUAWEI MatePad 10.4 6/64GB LTE Grey', 'tablets', 18499, 18499, 'https://img.reazon.ru/30064394b.webp'),
('Планшет Apple iPad 10.2 Wi-Fi 256GB Silver', 'tablets', 44999, 44999, 'https://img.reazon.ru/30064741b.webp'),
('Планшет HUAWEI MatePad 11 6+256GB Wi-Fi Green', 'tablets', 32999, 32999, 'https://img.reazon.ru/30064399bb.webp'),
('Планшет HUAWEI MatePad SE (AGS5-L09) 4/128Gb LTE Black', 'tablets', 19999, 17999, 'https://img.reazon.ru/30065770bb.webp'),
('Планшет HUAWEI MatePad T8 3+32GB Wi-Fi Blue', 'tablets', 8999, 8999, 'https://img.reazon.ru/30064326bb.webp'),
('Планшет Samsung Galaxy Tab A8 32GB LTE Grey', 'tablets', 15999, 15999, 'https://img.reazon.ru/30064292b.webp'),
('Планшет HUAWEI MatePad T10 4+64GB LTE Blue', 'tablets', 12999, 12999, 'https://img.reazon.ru/30064391bb.webp'),
('Планшет Samsung Galaxy Tab A7 Lite LTE 32GB Silver', 'tablets', 13999, 13999, 'https://img.reazon.ru/30064026b.webp'),
('Планшет HUAWEI MatePad 10.4 6/64GB Wi-Fi Grey', 'tablets', 17499, 17499, 'https://img.reazon.ru/30064393b.webp'),
('Планшет realme Pad RMP2103 4/64 ГБ Golden', 'tablets', 22999, 16999, 'https://img.reazon.ru/30063161bb.webp'),
('Планшет HUAWEI MatePad T8 Kids 3+32Gb LTE Blue', 'tablets', 10999, 10999, 'https://img.reazon.ru/30064328bb.webp'),
('Планшет HUAWEI MatePad T10s 4/64G LTE Blue', 'tablets', 13499, 13499, 'https://img.reazon.ru/30064197bb.webp'),
('Планшет Apple iPad mini 6th gen. 64GB WiFi Starlight', 'tablets', 41399, 41399, 'https://img.reazon.ru/30064050b.webp'),
('Планшет HUAWEI MatePad Pro 11 8+256GB LTE Black', 'tablets', 59999, 53999, 'https://img.reazon.ru/30064490b.webp'),

('Сетевой фильтр ЭРА USF-4es-1.5m-B', 'accessories', 599, 599, 'https://img.reazon.ru/50131693bb.webp'),
('Сетевой фильтр ЭРА USF-4es-1.5m-W', 'accessories', 599, 599, 'https://img.reazon.ru/50131692bb.webp'),
('Сетевой фильтр ЭРА SF-1e-W', 'accessories', 699, 699, 'https://img.reazon.ru/50045877b.webp'),
('Сетевой фильтр ЭРА USF-5es-1.5m-W', 'accessories', 699, 699, 'https://img.reazon.ru/50064675b.webp'),
('Сетевой фильтр Rombica Neo WC3U', 'accessories', 1999, 1999, 'https://img.reazon.ru/50130806bb.webp'),
('Сетевой фильтр Kubic POWER F2 Black 3.0', 'accessories', 799, 799, 'https://img.reazon.ru/50170578bb.webp'),
('Сетевой фильтр Kubic POWER F2 White 3.0', 'accessories', 799, 799, 'https://img.reazon.ru/50170575bb.webp'),
('Сетевой фильтр ЭРА USF-6es-3m-W', 'accessories', 699, 699, 'https://img.reazon.ru/50127118bb.webp'),
('Сетевой фильтр Kubic POWER F2 Black 5.0', 'accessories', 1399, 1399, 'https://img.reazon.ru/50170579bb.webp'),
('Сетевой фильтр Rombica Neo WC3U', 'accessories', 1999, 1999, 'https://img.reazon.ru/50130807bb.webp'),
('Сетевой фильтр Sven Optima 1,8 м (6 розеток, черный)', 'accessories', 599, 599, 'https://img.reazon.ru/50048496b.webp'),
('Сетевой фильтр Sven Optima 3,0 м (6 розеток, черный)', 'accessories', 699, 699, 'https://img.reazon.ru/50048495b.webp'),
('Сетевой фильтр Kubic POWER H1 White (PSE-056)', 'accessories', 999, 999, 'https://img.reazon.ru/50170590bb.webp'),
('Сетевой фильтр Kubic POWER F2 Black 1.8 (PSE-053)', 'accessories', 999, 999, 'https://img.reazon.ru/50170577bb.webp'),
('Сетевой фильтр Rombica Neo WC3 (PSE-001)', 'accessories', 1499, 1499, 'https://img.reazon.ru/50130805bb.webp'),
('Сетевой фильтр Kubic POWER F2 White 5.0 (PSE-052)', 'accessories', 1399, 1399, 'https://img.reazon.ru/50170576bb.webp'),
('Сетевой фильтр ARTSTYLE CL-4432W White', 'accessories', 2999, 2999, 'https://img.reazon.ru/50130187bb.webp'),
('Сетевой фильтр Kubic POWER F2 White 1.8 (PSE-050)', 'accessories', 999, 999, 'https://img.reazon.ru/50170574bb.webp'),
('Сетевой фильтр ARTSTYLE CL-6403B Black', 'accessories', 2199, 2199, 'https://img.reazon.ru/50132546bb.webp'),
('Сетевой фильтр Sven SF-05LU 3,0м, 5 розеток, 2 USB, White (SV-017415)', 'accessories', 1499, 1499, 'https://img.reazon.ru/50120194bb.webp'),
('Салфетки для комп. техники Code Влажные 20шт. (СС-120)', 'accessories', 99, 99, 'https://img.reazon.ru/50144659bb.webp'),
('Чистящее средство для компьютерной техники Home Protect 250мл (HP800033)', 'accessories', 299, 299, 'https://img.reazon.ru/50143133bb.webp'),
('Чистящее средство для ТВ Code CC-502', 'accessories', 529, 529, 'https://img.reazon.ru/50117113bb.webp'),
('Чистящее средство для ТВ Code д/экранов, 100 шт.(CC-208)', 'accessories', 259, 259, 'https://img.reazon.ru/50169635bb.webp'),
('Чистящее средство для ТВ Code универсальный (СС-506)', 'accessories', 349, 349, 'https://img.reazon.ru/50169640bb.webp'),
('Чистящее средство для ТВ Code CC-602', 'accessories', 569, 569, 'https://img.reazon.ru/50117115b.webp'),
('Чистящее средство для ТВ Clear Concept набор для ТВ', 'accessories', 399, 399, 'https://img.reazon.ru/50120344bb.webp'),
('Чистящее средство для мебели Code CC-503', 'accessories', 679, 679, 'https://img.reazon.ru/50117114b.webp'),
('Чистящее средство для ТВ Clear Concept спрей для очистки всех видов экранов', 'accessories', 290, 290, 'https://img.reazon.ru/50120345bb.webp'),
('Чистящее средство для компьютерной техники KIKU Mobile 250мл', 'accessories', 199, 199, 'https://img.reazon.ru/50143208bb.webp'),
('Чехол TFN Apple iPhone 13 Fade MagSafe Black', 'accessories', 1499, 999, 'https://img.reazon.ru/50163252bb.webp'),
('Чехол TFN Apple iPhone 13 Hard MagSafe Clear', 'accessories', 1499, 1499, 'https://img.reazon.ru/50163244bb.webp'),
('Клип-кейс для Android Pero Для Xiaomi Redmi 10', 'accessories', 720, 720, 'https://img.reazon.ru/4184532bb.webp'),
('Клип-кейс для Android Pero Для Honor 10X Lite синий', 'accessories', 720, 720, 'https://img.reazon.ru/4111081b.webp'),
('Клип-кейс для Android Pero Для Apple iPhone 13 Pro', 'accessories', 720, 720, 'https://img.reazon.ru/4184435bb.webp'),
('Чехол Apple iPhone 13 Leather Case MagSafe Wisteria', 'accessories', 5299, 5299, 'https://img.reazon.ru/50164207bb.webp'),
('Внешний аккумулятор TFN PowerAid 10000мАч Black', 'accessories', 999, 999, 'https://img.reazon.ru/50171468bb.webp'),
('Внешний аккумулятор Carmega 20000mAh Charge 20 black', 'accessories', 1499, 1299, 'https://img.reazon.ru/50170521bb.webp'),
('Внешний аккумулятор Carmega 10000mAh Charge 10 white', 'accessories', 799, 799, 'https://img.reazon.ru/50170520bb.webp'),
('Внешний аккумулятор Carmega 20000mAh Charge 20 white', 'accessories', 1499, 1299, 'https://img.reazon.ru/50170522bb.webp'),
('Внешний аккумулятор Carmega 10000mAh Charge 10 black', 'accessories', 999, 799, 'https://img.reazon.ru/50170519bb.webp'),
('Внешний аккумулятор TFN Power Neo 20000 мАч черный', 'accessories', 2599, 1999, 'https://img.reazon.ru/50153488bb.webp'),
('Внешний аккумулятор TFN Verge LCD 20000 мАч черный', 'accessories', 1799, 1399, 'https://img.reazon.ru/50165110bb.webp'),
('Внешний аккумулятор TFN Power Neo 20000 мАч белый', 'accessories', 2599, 1999, 'https://img.reazon.ru/50153489bb.webp'),
('Внешний аккумулятор TFN Steel LCD PD 20000 мАч синий', 'accessories', 2399, 2399, 'https://img.reazon.ru/50160301bb.webp'),
('Внешний аккумулятор TFN Steel LCD PD 20000 мАч серый', 'accessories', 2399, 2399, 'https://img.reazon.ru/50160302bb.webp'),
('Внешний аккумулятор TFN PowerAid 20000мАч Black', 'accessories', 1499, 1199, 'https://img.reazon.ru/50171470bb.webp'),
('Внешний аккумулятор TFN Active LCD 10000 мАч белый', 'accessories', 1299, 999, 'https://img.reazon.ru/50143110bb.webp'),
('Внешний аккумулятор TFN Active LCD 10000 мАч черный', 'accessories', 1299, 999, 'https://img.reazon.ru/50142739bb.webp'),
('Внешний аккумулятор TFN Power Neo 10000 мАч белый', 'accessories', 1999, 1299, 'https://img.reazon.ru/50153487bb.webp'),
('Сетевое зарядное устройство Apple 20W USB-C Power Adapter', 'accessories', 2999, 2999, 'https://img.reazon.ru/50172849bb.webp'),
('Сетевое зарядное устройство TFN Ultra PD 20W White', 'accessories', 999, 999, 'https://img.reazon.ru/50145799bb.webp'),
('Сетевое зарядное устройство TFN x2 USB+Type C QC+PD 20W белый', 'accessories', 1299, 1299, 'https://img.reazon.ru/50145877b.webp'),
('Автомобильное зарядное устройство InterStep 2 USB 2.1A + 2.1A', 'accessories', 299, 299, 'https://img.reazon.ru/50041629b.webp'),
('БЗУ Apple MagSafe Charger (MHXH3ZE/A)', 'accessories', 4999, 4999, 'https://img.reazon.ru/50144578bb.webp'),
('Сетевое зарядное устройство TFN Ultra TypeC PD 30W б/кабеля white', 'accessories', 1399, 1399, 'https://img.reazon.ru/50167380bb.webp'),
('Сетевое зарядное устройство TFN TFN-WCRPD07', 'accessories', 999, 999, 'https://img.reazon.ru/50149567bb.webp'),
('Сетевое зарядное устройство TFN TFN-WCRPD08', 'accessories', 1299, 1299, 'https://img.reazon.ru/50149568bb.webp'),
('Сетевое зарядное устройство с кабелем InterStep 2 USB 2.1A + кабель microUSB', 'accessories', 299, 299, 'https://img.reazon.ru/50041633b.webp'),
('Сетевое зарядное устройство Deppa Type-C PD 20Вт белый', 'accessories', 799, 799, 'https://img.reazon.ru/50147125bb.webp'),
('Флеш-диск Hikvision 64GB USB 2.0 (HS-USB-M200 64G)', 'accessories', 799, 359, 'https://img.reazon.ru/50172829b.webp'),
('Флеш-диск Netac 64GB U903 USB2.0 (NT03U903N-064G-20BK)', 'accessories', 799, 359, 'https://img.reazon.ru/50165477bb.webp'),
('Wi-Fi роутер TP-Link TL-WR841N V14.0', 'accessories', 1349, 1349, 'https://img.reazon.ru/50123335bb.webp'),
('Приемник Wi-Fi TP-Link Archer T2U Plus', 'accessories', 1299, 1299, 'https://img.reazon.ru/50130210bb.webp'),
('Мышь беспроводная Sven RX-220W', 'accessories', 499, 369, 'https://img.reazon.ru/50123640bb.webp'),
('Мышь беспроводная Logitech M190 (910-005906)', 'accessories', 1399, 1399, 'https://img.reazon.ru/50142701bb.webp'),
('Игровая мышь Logitech G102 LightSync Black', 'accessories', 2499, 2499, 'https://img.reazon.ru/50173433b.webp'),
('Игровая мышь A4Tech V8', 'accessories', 1099, 1099, 'https://img.reazon.ru/50041640b.webp'),
('Игровой комплект HIPER HPK-G101 (HPK-G101)', 'accessories', 1599, 1599, 'https://img.reazon.ru/50173756bb.webp'),
('Игровая клавиатура Logitech G413 Mechanical Gaming Keyboard', 'accessories', 6999, 6999, 'https://img.reazon.ru/50049867b.webp'),
('Антенна телевизионная комнатная One For All Value Line SV9143', 'accessories', 2299, 2299, 'https://img.reazon.ru/50036636b.webp'),
('Антенна телевизионная комнатная Рэмо BAS-5341-DX Мицар', 'accessories', 1899, 1899, 'https://img.reazon.ru/50050250b.webp'),
('Беспроводное зарядное устройство RIVACASE RivaPower VA4912 Fast Charger', 'accessories', 1299, 999, 'https://img.reazon.ru/50053449b.webp'),
('Беспроводное зарядное устройство TFN Rapid 15W (TFN-QI03)', 'accessories', 2999, 2499, 'https://img.reazon.ru/50152389bb.webp'),
('Беспроводное зарядное устройство Rombica Neo Energy Brown (NQ-00230)', 'accessories', 1999, 1599, 'https://img.reazon.ru/50132466bb.webp'),
('Беспроводное зарядное устройство Deppa Qi 3 в 1,Galaxy Watch,Galaxy Buds, 17,5 Вт,Black', 'accessories', 2199, 1799, 'https://img.reazon.ru/50149730bb.webp'),
('Универсальный ремешок из нейлона для часов 20 mm LYAMBDA VEGA DS-GN-03-20-GL Rose Gold', 'accessories', 989, 989, 'https://img.reazon.ru/30055935bb.webp'),
('Универсальный керамический ремешок для часов 20 mm LYAMBDA LIBERTAS DSG-09-04T-20-BK Black', 'accessories', 3399, 3399, 'https://img.reazon.ru/30055961bb.webp'),
('Универсальный силиконовый ремешок для часов 22 mm LYAMBDA ADHARA DS-GS-08-22-RB Red/Black', 'accessories', 990, 990, 'https://img.reazon.ru/30056582bb.webp'),
('Универсальный ремешок из нейлона для часов 22 mm LYAMBDA VEGA DS-GN-03-22-GL Rose Gold','accessories',  529, 529, 'https://img.reazon.ru/30055941bb.webp'),
('Универсальный силиконовый ремешок для часов 22 mm LYAMBDA AVIOR DSJ-11-02T-22-DB Dark blue','accessories',  619, 619, 'https://img.reazon.ru/30056597bb.webp'),
('Универсальный силиконовый ремешок для часов 20 mm LYAMBDA AVIOR DSJ-11-05T-20-LP Light pink','accessories',  769, 769, 'https://img.reazon.ru/30056595bb.webp'),
('Универсальный силиконовый ремешок для часов 20 mm LYAMBDA ALIOTH DS-GS-03-20-PK White/Pink','accessories',  989, 989, 'https://img.reazon.ru/30056576bb.webp'),
('Универсальный ремешок из нейлона для часов 22 mm LYAMBDA VEGA DS-GN-03-22-46 Khaki-blue', 'accessories', 989, 989, 'https://img.reazon.ru/30055944bb.webp'),
('Универсальный силиконовый ремешок для часов 20 mm LYAMBDA ALTAIR DSJ-01-01T-20-BK Black', 'accessories', 439, 439, 'https://img.reazon.ru/30055923bb.webp'),
('Универсальный керамический ремешок для часов 22 mm LYAMBDA LIBERTAS DSG-09-03T-22-WH White', 'accessories', 1499, 1499, 'https://img.reazon.ru/30055964bb.webp'),
('Стилус Apple Pencil (1-го поколения) (MK0C2ZM/A)', 'accessories', 9999, 9999, 'https://img.reazon.ru/50043834b.webp'),
('Стилус SwitchEasy EasyPencil Pro для iPad 2018/2019/2020', 'accessories', 3999, 3999, 'https://img.reazon.ru/50131301bb.webp'),
('Кабель Lightning TFN Type-C 1.0m TPE white (TFN-CLIGC1MTPEWH)', 'accessories', 499, 499, 'https://img.reazon.ru/50166520b.webp');

INSERT INTO properties (category, propname1, propname2, propname3, propname4, propname5, propname6) VALUES
('monitors', 'Экран', 'Яркость', 'Частота обновления', 'Динамическая контрастность',' Интерфейс связи с ПК', 'Время отклика пикселя'),
('phones', 'Экран', 'Процессор', 'Оперативная память(RAM)', 'Встроенная память (ROM)','Основная камера МПикс','Фронтальная камера МПикс'),
('computers', 'Процессор', 'Операционная система','Оперативная память (RAM)','Графический контроллер','Диск','Блок питания'),
('tvs', 'Экран', 'Диагональ экрана', 'Звук','Габаритные размеры (В*Ш*Г)', 'Поддержка Smart TV','Операционная система'),
('watches', 'Диагональ/разрешение', 'Технология дисплея', 'Совместимость', 'Встроенная память (ROM)','Сенсорный экран','Размер'),
('tablets', 'Экран', 'Встроенная память (ROM)', 'Оперативная память (RAM)', 'Тип процессора','Количество ядер','Основная камера МПикс'),
('accessories', 'Гарантия', 'Страна', 'Серия', 'Модель', 'Цвет', 'Материал');

INSERT INTO monitors (itemID, propdesc1, propdesc2, propdesc3, propdesc4, propdesc5, propdesc6) VALUES
(1, '27"/1920x1080 Пикс', '300 кд/кв.м', '75 Гц', '1 000 000:1', 'HDMI', '6 (GTG) мсек'),
(2, '23.8"/1920x1080 Пикс', '250 кд/кв.м', '60 Гц', '1000:1', 'D-Sub; HDMI', '6 (GTG) мсек'),
(3, '27"/2560x1440 Пикс', '350 кд/кв.м', '165 Гц', '4000:1', 'DisplayPort; HDMI', '4 (GTG) мсек'),
(4, '23.8"/1920x1080 Пикс', '250 кд/кв.м', '75 Гц', '1000:1', 'DisplayPort; HDMI', '4 (GTG) мсек'),
(5, '23.8"/1920x1080 Пикс', '250 кд/кв.м', '75 Гц', '100 000 000:1', 'D-Sub; HDMI', '1 (VRB) мсек'),
(6, '23.5"/1920x1080 Пикс', '250 кд/кв.м', '75 Гц', '3000:1', 'DisplayPort; HDMI', '4 (GTG) мсек'),
(7, '23.8"/1920x1080 Пикс', '250 кд/кв.м', '75 Гц', '1000:1', 'D-Sub; HDMI', '5 (GTG) мсек'),
(8, '23.8"/1920x1080 Пикс', '250 кд/кв.м', '75 Гц', '3000:1', 'D-Sub; HDMI', '6 (GTG) мсек'),
(9, '34"/3440x1440 Пикс', '350 кд/кв.м', '165 Гц', '4000:1', 'DisplayPort; HDMI', '4 (GTG) мсек'),
(10, '23.8"/2560x1440 Пикс', '300 кд/кв.м', '75 Гц', '100 000 000:1', 'DisplayPort; HDMI', '1 (VRB) мсек'),
(11, '20"/1600x900 Пикс', '250 кд/кв.м', '60 Гц', '41.66736111111111', 'D-Sub; HDMI', '3.5 мсек'),
(12, '27"/1920x1080 Пикс', '250 кд/кв.м', '165 Гц', '100 000 000:1', 'DisplayPort; HDMI', '5 (GTG) мсек'),
(13, '27"/1920x1080 Пикс', '300 кд/кв.м', '240 Гц', '80 000 000:1', 'DisplayPort; HDMI', '0.5 мсек'),
(14, '24"/1920x1080 Пикс', '250 кд/кв.м', '144 Гц', '4MEGA DCR', 'DisplayPort; HDMI', '1 (MPRT) мсек'),
(15, '23.8"/1920x1080 Пикс', '350 кд/кв.м', '144 Гц', '80 000 000:1', 'DisplayPort; HDMI', '4 (GTG) мсек'),
(16, '34"/3440x1440 Пикс', '350 кд/кв.м', '165 Гц', '4000:1', 'DisplayPort; HDMI', '4 (GTG) мсек'),
(17, '21.5"/1920x1080 Пикс', '250 кд/кв.м', '60 Гц', '41.66736111111111', 'D-Sub; HDMI', '3.5 мсек'),
(18, '27"/2560x1440 Пикс', '250 кд/кв.м', '144 Гц', '100 000 000:1', 'DisplayPort; HDMI', '1 (GTG) мсек'),
(19, '28"/3840x2560 Пикс', '500 кд/кв.м', '60 Гц', '1200:1', 'DisplayPort; HDMI', '5 (GTG) мсек'),
(20, '27"/1920x1080 Пикс', '250 кд/кв.м', '144 Гц', 'MEGA DCR', 'D-Sub; HDMI; Display Port', '1 (MPRT) мсек'),
(21, '27"/1920x1080 Пикс', '250 кд/кв.м', '75 Гц', '20 000 000:1', 'D-Sub; HDMI', '4 (GTG) мсек'),
(22, '23.8"/1920x1080 Пикс', '250 кд/кв.м', '165 Гц', '125.00069444444445', 'DisplayPort; HDMI', '1 мсек'),
(23, '27"/1920x1080 Пикс', '250 кд/кв.м', '60 Гц', 'MEGA DCR', 'D-Sub; HDMI', '4 (GTG) мсек'),
(24, '23.5"/1920x1080 Пикс', '250 кд/кв.м', '72 Гц', 'MEGA DCR', 'D-Sub; HDMI', '4 (GTG) мсек'),
(25, '31.5"/1920x1080 Пикс', '300 кд/кв.м', '165 Гц', '100 000 000:1', 'DisplayPort; HDMI', '5 (GTG) мсек'),
(26, '23.8"/1920x1080 Пикс', '250 кд/кв.м', '60 Гц', '1000:1', 'D-Sub; HDMI', '6 (GTG) мсек'),
(27, '23.8"/1920x1080 Пикс', '250 кд/кв.м', '75 Гц', '100 000 000:1', 'D-Sub; HDMI', '1 (VRB) мсек'),
(28, '27"/1920x1080 Пикс', '250 кд/кв.м', '75 Гц', '1 000 000:1', 'D-Sub; DisplayPort; HDMI', '5 (GTG) мсек'),
(29, '27"/1920x1080 Пикс', '250 кд/кв.м', '75 Гц', '100 000 000:1', 'D-Sub; HDMI', '1 (VRB) мсек'),
(30, '27"/1920x1080 Пикс', '250 кд/кв.м', '75 Гц', '100 000 000:1', 'D-Sub; HDMI', '1 мсек');

INSERT INTO phones (itemID, propdesc1, propdesc2, propdesc3, propdesc4, propdesc5, propdesc6) VALUES
(31, '6.6"/720x1612 Пикс', 'UNISOC Tiger T606 2 x 1.6ГГц + 6 x 1.4ГГц', '4 ГБ', '64 ГБ', '13/TOF/AF', '8/TOF'),
(32, '6.43"/2400x1080 Пикс', 'Qualcomm Snapdragon 778G 1 х 2.4ГГц + 3 х 2.2ГГц + 4 х 1.9ГГц', '6 ГБ', '128 ГБ', '64/8/2', '32'),
(33, '6.1"/1792x828 Пикс', 'A13 Bionic', '4 ГБ', '128 ГБ', '12/12', '12'),
(34, '6.1"/2532x1170 Пикс', 'A15 Bionic', '4 ГБ', '128 ГБ', '12/12', '12'),
(35, '6.1"/2532x1170 Пикс', 'A15 Bionic', '4 ГБ', '128 ГБ', '12/12/12', '12'),
(36, '6.7"/2778x1284 Пикс', 'A15 Bionic', '4 ГБ', '256 ГБ', '12/12/12', '12'),
(37, '5.4"/2340x1080 Пикс', 'A15 Bionic', '4 ГБ', '128 ГБ', '12/12', '12'),
(38, '6.1"/2532x1170 Пикс', 'A14 Bionic', '4 ГБ', '128 ГБ', '12/12', '12'),
(39, '6.7"/2778x1284 Пикс', 'A14 Bionic', '4 ГБ', '128 ГБ', '12/12/12/LiDAR', '12'),
(40, '5.4"/2340x1080 Пикс', 'A14 Bionic', '4 ГБ', '128 ГБ', '12/12', '12'),
(41, '6.8"/3088x1440 Пикс', 'Qualcomm Snapdragon 8 Gen 1 1x3.0 ГГц + 3x2.5 ГГц + 4x1.8 ГГц', '12 ГБ', '256 ГБ', '12/108/10/10/TOF', '40'),
(42, '7.6"/1812x2176 Пикс', 'Qualcomm 1x3.18 + 3x2.7 + 4x2 ГГц', '12 ГБ', '256 ГБ', '50/12/10', '10'),
(43, '6.67"/1080x2400 Пикс', 'Mediatek', '8 ГБ', '256 ГБ', '108/16/8', '16'),
(44, '6.1"/1792x828 Пикс', 'A13 Bionic', '4 ГБ', '64 ГБ', '12/12', '12'),
(45, '6.1"/2532x1170 Пикс', 'A15 Bionic', '6 ГБ', '128 ГБ', '12/12', '12'),
(46, '6.52"/720x1600 Пикс', 'Mediatek Helio A22 2 ГГц', '2 ГБ', '32 ГБ', '8/0.3', '5'),
(47, '6.4"/2340x1080 Пикс', 'Samsung Exynos 2100 1 х 2.84ГГц + 3 х 2.4ГГц + 4 х 1.8ГГц', '8 ГБ', '128 ГБ', '12/12/8', '32'),
(48, '6.71"/1620x720 Пикс', 'Qualcomm Snapdragon 680 2.2 ГГц', '4 ГБ', '128 ГБ', '50/2', '5'),
(49, '6.6"/2408x1080 Пикс', 'Samsung Exynos 850 8 x 2.0 ГГц', '4 ГБ', '64 ГБ', '50/5/2/2', '8'),
(50, '6.5"/1600x720 Пикс', 'UNISOC Unisoc T612 1.82 ГГц', '3 ГБ', '32 ГБ', '13/2/2', '5'),
(51, '6.58"/2408x1080 Пикс', 'Qualcomm Snapdragon 680 4 x 2.4ГГц + 4 x 1.9ГГц', '4 ГБ', '128 ГБ', '50/2/2', '16'),
(52, '6.58"/1080x2408 Пикс', 'Mediatek Helio G85 2 x 2 ГГц + 6 x 1.8 ГГц', '4 ГБ', '128 ГБ', '50/2/0.08/AF', '32'),
(53, '6.9"/1080x2460 Пикс', 'Mediatek Helio G88 2 x 2 ГГц + 6 x 1.8 ГГц', '6 ГБ', '128 ГБ', '50/2/0.08/AF', '8'),
(54, '6.44"/2404x1080 Пикс', 'Mediatek Helio G99 2 x 2.2 ГГц + 6 x 2 ГГц', '8 ГБ', '128 ГБ', '64/2/2', '32'),
(55, '6.7"/2400x1080 Пикс', 'Qualcomm Snapdragon 778G 2.4 ГГц', '8 ГБ', '256 ГБ', '108/12/5/5', '32'),
(56, '6.53"/1600x720 Пикс', 'Mediatek Helio G25 2 ГГц', '2 ГБ', '32 ГБ', '13', '5'),
(57, '6.5"/1600x720 Пикс', 'UNISOC Unisoc T612 1.82 ГГц', '2 ГБ', '32 ГБ', '8', '5'),
(58, '6.75"/1600x720 Пикс', 'HiSilicon Kirin 710', '4 ГБ', '128 ГБ', '48/5/2', '8'),
(59, '6.7"/2388x1080 Пикс', 'Qualcomm Snapdragon 680 2.4 ГГц', '6 ГБ', '128 ГБ', '64/5/2/2', '16'),
(60, '6.4"/2412x1080 Пикс', 'Mediatek Helio G99 2.2 ГГц', '8 ГБ', '128 ГБ', '50/2', '16');

INSERT INTO computers (itemID, propdesc1, propdesc2, propdesc3, propdesc4, propdesc5, propdesc6) VALUES
(61, 'Intel Core i5 11400F 2.6 ГГц; 6 ядер; максимальная тактовая частота 4.4 ГГц', 'не установлена', '16 ГБ', 'GeForce RTX 3060', 'HDD 1 ТБ; SSD 500 ГБ', '700 Вт'),
(62, 'Intel Core i5 11400F 2.6 ГГц; 6 ядер; максимальная тактовая частота 4.4 ГГц', 'не установлена', '16 ГБ', 'GeForce RTX 2060', 'SSD 512 ГБ', '500 Вт'),
(63, 'AMD Athlon Silver 3050U 2.3 ГГц; 2 ядра; максимальная тактовая частота 3.2 ГГц', 'DOS', '4 ГБ', 'Radeon Graphics', 'SSD 128 ГБ', null),
(64, 'Intel Core i5 12400F 2.5 ГГц; 6 ядер; максимальная тактовая частота 4.4 ГГц', 'Windows 11 Домашняя', '16 ГБ', 'GeForce RTX 3060 Ti', 'SSD 512 ГБ', '500 Вт'),
(65, 'Intel Core i5 10400F 2.9 ГГц; 6 ядер; максимальная тактовая частота 4.3 ГГц', 'не установлена', '16 ГБ', 'GeForce GTX 1650', 'HDD 1 ТБ; SSD 256 ГБ', '550 Вт'),
(66, 'Intel Core i5 12400 2.5 ГГц; 6 ядер; максимальная тактовая частота 4.4 ГГц', 'не установлена', '16 ГБ', 'GeForce GTX 1650', 'SSD 512 ГБ', '300 Вт'),
(67, 'AMD Ryzen 5 PRO 3600 3.6 ГГц; 6 ядер; максимальная тактовая частота 4.2 ГГц', 'не установлена', '16 ГБ', 'GeForce GTX 1650', 'HDD 1 ТБ; SSD 512 ГБ', '500 Вт'),
(68, 'Intel Core i5 - 11400F 11400F 2.6 ГГц; 6 ядер; максимальная тактовая частота 4.4 ГГц', 'DOS', '16 ГБ', 'GeForce RTX 3050', 'SSD 512 ГБ', '500 Вт'),
(69, 'AMD Ryzen 5 3600 3.6 ГГц; 6 ядер; максимальная тактовая частота 4.2 ГГц', 'не установлена', '16 ГБ', 'GeForce GT730', 'SSD 480 ГБ', '500 Вт'),
(70, 'Intel Core i7 11700KF 3.6 ГГц; 8 ядер; максимальная тактовая частота 5.0 ГГц', 'Windows 11', '32 ГБ', 'GeForce RTX 3070', 'SSD 1 ТБ', '750 Вт'),
(71, 'AMD Ryzen 5 3600 3.6 ГГц; 6 ядер; максимальная тактовая частота 4.2 ГГц', 'не установлена1', '16 ГБ', 'GeForce RTX 3050', 'HDD 1 ТБ; SSD 512 ГБ', '600 Вт'),
(72, 'Intel Core i5 12400F 2.5 ГГц; 6 ядер; максимальная тактовая частота 4.4 ГГц', 'Windows 11 Домашняя', '16 ГБ', 'GeForce RTX 3060 Ti', 'SSD 512 ГБ', '500 Вт'),
(73, 'IIntel Core i5 10400F 2.9 ГГц; 6 ядер; максимальная тактовая частота 4.3 ГГц', 'не установлена', '16 ГБ', 'GeForce RTX 3060', 'SSD 512 ГБ', '550 Вт'),
(74, 'Intel Core i5 10400F 2.9 ГГц; 6 ядер; максимальная тактовая частота 4.3 ГГц', 'не установлена', '16 ГБ', 'GeForce GTX 1660 Ti', 'SSD 512 ГБ', '550 Вт'),
(75, 'Intel Core i5 12400F 2.5 ГГц; 6 ядер; максимальная тактовая частота 4.4 ГГц', 'не установлена', '16 ГБ', 'GeForce RTX 3060 Ti', 'SSD 512 ГБ', '500 Вт'),
(76, 'Intel Core i5 11400 2.6 ГГц; 6 ядер; максимальная тактовая частота 4.4 ГГц', 'не установлена', '8 ГБ', 'Intel UHD Graphics', 'SSD 256 ГБ', '450 Вт'),
(77, 'Intel Core i7 11700F 2.5 ГГц; 8 ядер; максимальная тактовая частота 4.9 ГГц', 'не установлена', '16 ГБ', 'GeForce RTX 3070', 'HDD 2 ТБ; SSD 512 ГБ', '700 Вт'),
(78, 'Intel Core i5 11400F 2.6 ГГц; 6 ядер; максимальная тактовая частота 4.4 ГГц', 'не установлена', '16 ГБ', 'GeForce GTX 1650', 'SSD 512 ГБ', '300 Вт'),
(79, 'Intel Core i7 12700F 3.6 ГГц; 12 ядер; максимальная тактовая частота 4.9 ГГц', 'не установлена', '16 ГБ', 'GeForce RTX 3060 Ti', 'HDD 1 ТБ; SSD 512 ГБ', '650 Вт'),
(80, 'AMD Ryzen 5 5600X 3.7 ГГц; 6 ядер; максимальная тактовая частота 4.6 ГГц', 'не установлена', '16 ГБ', 'GeForce RTX 3070', 'SSD 512 ГБ', '750 Вт'),
(81, 'Intel Core i5 11400 2.6 ГГц; 6 ядер; максимальная тактовая частота 4.4 ГГц', 'не установлена', '16 ГБ', 'Intel UHD Graphics 730', 'SSD 480 ГБ', '450 Вт'),
(82, 'Intel Core i5 11400F 2.6 ГГц; 6 ядер; максимальная тактовая частота 4.4 ГГц', 'Windows 11 Домашняя', '8 ГБ', 'GeForce GTX 1650', 'SSD 512 ГБ', '300 Вт'),
(83, 'AMD Ryzen 3 3250U 2.6 ГГц; 2 ядер; максимальная тактовая частота 3.5 ГГц', 'Windows 10 Домашняя 64', '8 ГБ', 'Radeon', 'HDD 1 ТБ; SSD 128 ГБ', '90 Вт'),
(84, 'Intel Core i3 10100 3.6 ГГц; 4 ядер; максимальная тактовая частота 4.3 ГГц', 'не установлена', '8 ГБ', 'Intel UHD Graphics 630', 'SSD 256 ГБ', '450 Вт'),
(85, 'Intel Core i3 10105 3.7 ГГц; 4 ядер; максимальная тактовая частота 4.4 ГГц', 'Windows', '8 ГБ', 'GeForce GT 1030', 'SSD 256 ГБ', '550 Вт'),
(86, 'Intel Core i5 11400F 2.6 ГГц; 6 ядер; максимальная тактовая частота 4.4 ГГц', 'Windows 11', '16 ГБ', 'GeForce RTX 3060', 'HDD 1 ТБ; SSD 500 ГБ', '500 Вт'),
(87, 'Intel Core i5 11400F 2.6 ГГц; 6 ядер; максимальная тактовая частота 4.4 ГГц', 'Windows 11 Домашняя 64', '16 ГБ', 'GeForce RTX 3060', 'SSD 512 ГБ', '500 Вт'),
(88, 'Intel Core i3 10100 3.6 ГГц; 4 ядер; максимальная тактовая частота 4.3 ГГц', 'не установлена', '16 ГБ', 'UHD Graphics 630', 'HDD 1 ТБ; SSD 256 ГБ', '450 Вт'),
(89, 'AMD Ryzen 5 3400G 3.7 ГГц; 4 ядер; максимальная тактовая частота 4.2 ГГц', 'Windows 11 Домашняя', '16 ГБ', 'GeForce GTX 1660 Ti', 'SSD 512 ГБ', '550 Вт'),
(90, 'Intel Core i5 12400 2.5 ГГц; 6 ядер; максимальная тактовая частота 4.4 ГГц', 'не установлена', '16 ГБ', 'GeForce RTX 3050', 'SSD 512 ГБ', '400 Вт');

INSERT INTO tvs (itemID, propdesc1, propdesc2, propdesc3, propdesc4, propdesc5, propdesc6) VALUES
(91, '55"/3840x2160 Пикс', '139.6 см', 'NICAM стерео', '70.9*122.9*6.1 см', 'Да', 'Android 9.0'),
(92, '43"/3840x2160 Пикс', '109 см', 'Dolby Audio', '624*955*78 см', 'Да', 'Яндекс.ТВ+Android 9.0'),
(93, '50"/3840x2160 Пикс', '126 см', 'DTS Studio Sound', '69.2*111.7*22.6 см', 'Да', 'Vidaa'),
(94, '65"/3840x2160 Пикс', '139.6 см', 'NICAM стерео', '85.2*144.8*6.7 см', 'Да', 'Android 11'),
(95, '55"/3840x2160 Пикс', '138.8 см', 'DTS Studio Sound', '75.8*123.2*23.6 см', 'Да', 'Vidaa'),
(96, '58"/3840x2160 Пикс', '146 см', 'Dolby Atmos', '81.98*128.99*25.62 см', 'Да', 'Android 10.0'),
(97, '32"/1366x768 Пикс', '80 см', 'DTS Studio Sound', '47.3*71.7*18.6 см', 'Да', 'Vidaa'),
(98, '43"/3840x2160 Пикс', '109.22 см', null, '53.6*7.5*96 см', 'Да', 'Android'),
(99, '43"/1080x1920 Пикс', '108 см', 'DTS Studio Sound', '60.6*71.7*20 см', 'Да', 'Vidaa'),
(100, '65"/3840x2160 Пикс', '164 см', 'Dolby Digital/ DTS', '91.8*145.9*29.2 см', 'Да', 'Android 11.0'),
(101, '65"/3840x2160 Пикс', '164 см', 'Dolby Atmos', '86.73*144.75*30.56 см', 'Да', 'Android 10.0'),
(102, '55"/3840x2160 Пикс', '140 см', 'Dolby Digital 2.0', '77*123*26 см', 'Да', 'Android 9.0'),
(103, '55"/3840x2160 Пикс', '139 см', 'Dolby Digital/ DTS', '79.3*123.9*32.6 см', 'Да', 'Android 11.0'),
(104, '55"/3840x2160 Пикс', '139 см', 'Dolby Digital', '77.3*123.7*26.3 см', 'Да', 'Android 9.0'),
(105, '50"/3840x2160 Пикс', '126 см', 'DTS Studio Sound', '69.2*111.7*22.6 см', 'Да', 'Vidaa'),
(106, '50"/3840x2160 Пикс', '127 см', 'NICAM стерео', '70.4*111.5*23.1 см', 'Да', 'Android 9.0'),
(107, '32"/1366x768 Пикс', '81.28 см', 'NICAM стерео', '42.4*6.4*72 см', 'Да', 'Android 9.0'),
(108, '55"/3840x2160 Пикс', '139.6 см', 'NICAM стерео', '78.2*122.9*6.8 см', 'Да', 'Android 11'),
(109, '43"/3840x2160 Пикс', '108 см', 'DTS Virtual X', '61.4*96.3*19.6 см', 'Да', 'VIDAA 5.0'),
(110, '50"/3840x2160 Пикс', '127 см', 'NICAM стерео', '72.7*111.5*25.2 см', 'Да', 'Android 11'),
(111, '32"/1920x1080 Пикс', '81.3 см', 'Dolby Digital Plus', '43*72.8*8.6 см', 'Да', 'Android 9.0'),
(112, '40"/1920x1080 Пикс', '100 см', 'DTS Virtual X', '55.9*89.3*18.2 см', 'Да', 'VIDAA 4.2'),
(113, '32"/768x1366 Пикс', '81.28 см', 'Dolby Digital; Dolby Digital Plus', '42.5*8.4*72.4 см', 'Да', 'Android'),
(114, '55"/3840x2160 Пикс', '138.8 см', 'DTS Virtual X', '77.3*123.2*29.1 см', 'Да', 'VIDAA 5.0'),
(115, '43"/2160x3840 Пикс', '109.22 см', 'NICAM стерео', '59.9*96.1*6.9 см', 'Да', 'Android 9.0'),
(116, '32"/1366x768 Пикс', '81 см', null, '47.5*72.6*8 см', 'Да', 'Android'),
(117, '32"/1366x768 Пикс', '80 см', 'DTS Virtual X', '46.9*71.7*16 см', 'Да', 'VIDAA 4.2'),
(118, '43"/3840x2160 Пикс', '108 см', 'DTS Studio Sound', '59.8*96.6*21.3 см', 'Да', 'Vidaa U5.0'),
(119, '50"/3840x2160 Пикс', '127 см', 'Dolby Digital 2.0', '71*112.2*8 см', 'Да', 'Яндекс.ТВ'),
(120, '43"/1920x1080 Пикс', '108 см', 'DTS Studio Sound', '60.6*95.5*18.2 см', 'Да', 'Android');

INSERT INTO watches (itemID, propdesc1, propdesc2, propdesc3, propdesc4, propdesc5, propdesc6) VALUES
(121, '1.39"/454х454 Пикс', 'AMOLED', 'Android 4.4 и выше, iOS 9.0 и выше', '4 ГБ', 'Да', '45.9 мм'),
(122, null, null, 'Android', '16 ГБ', 'Да', '40 мм'),
(123, '1.55"/360x320 Пикс', 'TFT', 'Android/ iOS', null, 'Да', '41.2 мм'),
(124, null, null, null, '32 ГБ', 'Да', '41 мм'),
(125, '1.74"/336×480 пикс.', 'AMOLED', 'Android 6.0 и выше, iOS 9.0 и выше, Harmony OS', null, 'Да', '46*33.5*10.8 мм'),
(126, '1.74"/336×480 пикс.', 'AMOLED', 'Android 6.0 и выше, iOS 9.0 и выше, Harmony OS', null, 'Да', '46*33.5*10.8 мм'),
(127, '1.39"/454x454 пикс.', 'AMOLED', 'Android 7.0 и выше, iOS 9.0 и выше', '4 ГБ', 'Да', '53.6*46.7*11.4 мм'),
(128, '1.64"/456x280 пикс.', 'AMOLED', 'Android 7.0 и выше, iOS 9.0 и выше', '4 ГБ', 'Да', '46*30*10.7 мм'),
(129, null, null, 'Android', '16 ГБ', 'Да', '44 мм'),
(130, '1.74"/336×480 пикс.', 'AMOLED', 'Android 6.0 и выше, iOS 9.0 и выше, Harmony OS', null, 'Да', '46*33.5*10.8 мм'),
(131, '1.64"/456x280 пикс.', 'AMOLED', 'Android 5.0 и выше, iOS 9.0 и выше', '4 ГБ', 'Да', '46*30*10.7 мм'),
(132, '1.3"/240х240 пикс.', 'TFT', 'Android/ iOS', null, 'Да', '13*36*250 мм'),
(133, null, null, 'Android', '16 ГБ', 'Да', '45 мм'),
(134, '1.43"/ 466x466 Пикс', 'AMOLED', 'Android 6.0 и выше, iOS 10.0 и выше', '16 ГБ', 'Да', null),
(135, '1.43"/ 466x466 Пикс', 'AMOLED', 'Android 6.0 и выше, iOS 10.0 и выше', null, 'Да', '46.5*47.3*11 мм'),
(136, '1.32''/466×466 пикс.', 'AMOLED', 'Android 6.0 и выше, iOS 9.0 и выше, Harmony OS', '4 ГБ', 'Да', '42.3*42.3*10 мм'),
(137, '1.43"/ 466x466 Пикс', 'AMOLED', 'Android 6.0 и выше, iOS 10.0 и выше', '16 ГБ', 'Да', null),
(138, '1.43"/ 466x466 Пикс', 'AMOLED', 'Android 6.0 и выше, iOS 10.0 и выше', null, 'Да', '46.5*46.5*10.9 мм'),
(139, null, 'AMOLED', null, null, 'Да', '51*38*13.6 мм'),
(140, '1.43"/ 466x466 Пикс', 'AMOLED', 'Android 6.0 и выше, iOS 9.0 и выше, Harmony OS', null, 'Да', '46.6*46.6*10.9 ммм'),
(141, '1.43"/ 466x466 Пикс', 'AMOLED', 'Android 6.0 и выше, iOS 9.0 и выше', '16 ГБ', 'Да', null),
(142, '1.74"/336×480 пикс.', 'AMOLED', 'Android 6.0 и выше, iOS 9.0 и выше, Harmony OS', null, 'Да', '46*33.5*10.8 мм'),
(143, '1.43"/ 466x466 Пикс', 'AMOLED', 'Android 6.0 и выше, iOS 10.0 и выше', null, 'Да', '46.5*46.5*10.9 мм'),
(144, '1.64"/456х280 пикс.', 'AMOLED', 'Android 7.0 и выше, iOS 9.0 и выше', '4 ГБ', 'Да', '46*30*10.7 мм'),
(145, null, null, 'Android', '16 ГБ', 'Да', '40mm'),
(146, '1.39"/454х454 пикс.', 'AMOLED', 'Android 4.4 и выше, iOS 9.0 и выше', '4 ГБ', 'Да', '45.9*45.9*10.7 мм'),
(147, null, null, 'Android', '16 ГБ', 'Да', '46mm'),
(148, '1.32''/466×466 пикс.', 'AMOLED', 'Android 6.0 и выше, iOS 9.0 и выше, Harmony OS', null, 'Да', '43*43*10.5 мм'),
(149, null, null, 'Android', '16 ГБ', 'Да', '44mm'),
(150, '1.1"/360х360 пикс.', 'Super AMOLED', 'Android/ iOS', '4 ГБ', 'Да', '39.5*39.5*10.5 мм');

INSERT INTO tablets (itemID, propdesc1, propdesc2, propdesc3, propdesc4, propdesc5, propdesc6) VALUES
(151, '10.2"/1620x2160 Пикс', '64 ГБ', '4 ГБ', 'A13 Bionic', '6', '8'),
(152, '10.5"/1920x1200 Пикс', '64 ГБ', '4 ГБ', 'Tiger T618', '8', '8'),
(153, '10.4"/1200x2000 Пикс', '128 ГБ', '4 ГБ', 'Kirin 710', '8', '13'),
(154, '10.1"/1280x800 Пикс', '16 ГБ', '1 ГБ', 'SC7731E', '4', '2'),
(155, '8"', '32 ГБ', '3 ГБ', 'MT8768', '8', '5'),
(156, '10.36"/1200x2000 Пикс', '128 ГБ', '4 ГБ', 'Snapdragon 680', '8', '5'),
(157, '10.5"/1920x1200 Пикс', '32 ГБ', '3 ГБ', 'Tiger T618', '8', '8'),
(158, '10.4"/1200x2000 Пикс', '128 ГБ', '4 ГБ', 'Kirin 710', '8', '13'),
(159, '10.1"/1200x800 Пикс', '32 ГБ', '2 ГБ', 'Mediatek', '4', '2'),
(160, '10.36"/1200x2000 Пикс', '64 ГБ', '4 ГБ', 'Snapdragon 680', '8', '5'),
(161, '8"/1280x800 Пикс', '32 ГБ', '2 ГБ', 'Snapdragon 429', '4', '8'),
(162, '10.2"/1620x2160 Пикс', '256 ГБ', null, 'A13 Bionic', null, '8'),
(163, '10.4"/2000x1200 Пикс', '64 ГБ', '4 ГБ', 'Helio G80', '8', '8'),
(164, '8.7"/1340x800 Пикс', '32 ГБ', '3 ГБ', 'MT8768', '8', '8'),
(165, '8.7"/1340x800 Пикс', '32 ГБ', '3 ГБ', 'MT8768', '8', '8'),
(166, '10.95"/1600x2560 Пикс', '128 ГБ', '6 ГБ', 'Snapdragon 865', '8', '13/8'),
(167, '10.4"/1200x2000 Пикс', '64 ГБ', '6 ГБ', 'Kirin 710', '8', '13'),
(168, '10.2"/1620x2160 Пикс', '256 ГБ', null, 'A13 Bionic', null, '8'),
(169, '10.95"/1600x2560 Пикс', '256 ГБ', '6 ГБ', 'Snapdragon 865', '8', '13/8'),
(170, '10.36"/1200x2000 Пикс', '128 ГБ', '4 ГБ', 'Snapdragon 680', '8', '5'),
(171, '8"/800x1280 Пикс', '32 ГБ', '3 ГБ', 'MT8768', '8', '5'),
(172, '10.5"/1200x1920 Пикс', '32 ГБ', '3 ГБ', 'Tiger T618', '8', '8'),
(173, '9.7"/800x1280 Пикс', '64 ГБ', '4 ГБ', 'Kirin 710A', '8', '5'),
(174, '8.7"/1340x800 Пикс', '32 ГБ', '3 ГБ', 'MT8768', '8', '8'),
(175, '10.4"/1200x2000 Пикс', '64 ГБ', '6 ГБ', 'Kirin 710', '8', '13'),
(176, '10.4"/2000x1200 Пикс', '64 ГБ', '4 ГБ', 'Helio G80', '8', '8'),
(177, '8"/800x1280 Пикс', '32 ГБ', '3 ГБ', 'MT8768', '8', '5'),
(178, '10.1"/1200x1920 Пикс', '64 ГБ', '4 ГБ', 'Kirin 710A', '8', '5/2'),
(179, '8.3"/1488x2266 Пикс', '64 ГБ', null, 'A15 Bionic', null, '12'),
(180, '11"/1600x2560 Пикс', '256 ГБ', '8 ГБ', 'Snapdragon 888', '8', '13');

INSERT INTO accessories (itemID, category, propdesc1, propdesc2, propdesc3, propdesc4, propdesc5, propdesc6) VALUES
-- Сетевые фильтры
(181, 'monitors', '1 год', 'Китай', 'USF-M', null, 'черный', 'полипропилен'),
(182, 'monitors', '1 год', 'Китай', 'USF-M', null, 'белый', 'полипропилен'),
(183, 'monitors', '1 год', 'Китай', 'ЭРА SF', null, 'белый', 'поликарбонат'),
(184, 'monitors', '1 год', 'Китай', null, null, 'белый', 'полипропилен'),
(185, 'monitors', '1 год', 'Китай', 'NEO WC3U', null, 'черный', 'пластик'),
(186, 'monitors', '1 год', 'Китай', 'POWER F2', null, 'черный', 'пластик'),
(187, 'monitors', '1 год', 'Китай', 'POWER F2', null, 'белый', 'пластик'),
(188, 'monitors', '2 года', 'Китай', 'USF-6es', null, 'белый', 'полипропилен'),
(189, 'monitors', '1 год', 'Китай', 'POWER F2', null, 'черный', 'пластик'),
(190, 'monitors', '1 год', 'Китай', 'NEO WC3U', null, 'белый', 'пластик'),
(191, 'monitors', '1 год', 'Китай', 'Optima', null, 'черный', 'пластик'),
(192, 'monitors', '1 год', 'Китай', 'Optima', null, 'черный', 'пластик'),
(193, 'monitors', '1 год', 'Китай', 'POWER H1', null, 'белый', 'пластик'),
(194, 'monitors', '1 год', 'Китай', 'POWER F2', null, 'черный', 'пластик'),
(195, 'monitors', '1 год', 'Китай', 'NEO WC3', null, 'черный', 'пластик'),
(196, 'monitors', '1 год', 'Китай', 'POWER F2', null, 'белый', 'пластик'),
(197, 'monitors', '1 год', 'Китай', 'Auto ID', null, 'белый', 'пластик'),
(198, 'monitors', '1 год', 'Китай', 'POWER F2', null, 'белый', 'пластик'),
(199, 'monitors', '1 год', 'Китай', 'Auto ID', null, 'черный', 'поликарбонат'),
(200, 'monitors', '1 год', 'Китай', null, null, 'белый', 'пластик'),
(181, 'computers', '1 год', 'Китай', 'USF-M', null, 'черный', 'полипропилен'),
(182, 'computers', '1 год', 'Китай', 'USF-M', null, 'белый', 'полипропилен'),
(183, 'computers', '1 год', 'Китай', 'ЭРА SF', null, 'белый', 'поликарбонат'),
(184, 'computers', '1 год', 'Китай', null, null, 'белый', 'полипропилен'),
(185, 'computers', '1 год', 'Китай', 'NEO WC3U', null, 'черный', 'пластик'),
(186, 'computers', '1 год', 'Китай', 'POWER F2', null, 'черный', 'пластик'),
(187, 'computers', '1 год', 'Китай', 'POWER F2', null, 'белый', 'пластик'),
(188, 'computers', '2 года', 'Китай', 'USF-6es', null, 'белый', 'полипропилен'),
(189, 'computers', '1 год', 'Китай', 'POWER F2', null, 'черный', 'пластик'),
(190, 'computers', '1 год', 'Китай', 'NEO WC3U', null, 'белый', 'пластик'),
(191, 'computers', '1 год', 'Китай', 'Optima', null, 'черный', 'пластик'),
(192, 'computers', '1 год', 'Китай', 'Optima', null, 'черный', 'пластик'),
(193, 'computers', '1 год', 'Китай', 'POWER H1', null, 'белый', 'пластик'),
(194, 'computers', '1 год', 'Китай', 'POWER F2', null, 'черный', 'пластик'),
(195, 'computers', '1 год', 'Китай', 'NEO WC3', null, 'черный', 'пластик'),
(196, 'computers', '1 год', 'Китай', 'POWER F2', null, 'белый', 'пластик'),
(197, 'computers', '1 год', 'Китай', 'Auto ID', null, 'белый', 'пластик'),
(198, 'computers', '1 год', 'Китай', 'POWER F2', null, 'белый', 'пластик'),
(199, 'computers', '1 год', 'Китай', 'Auto ID', null, 'черный', 'поликарбонат'),
(200, 'computers', '1 год', 'Китай', null, null, 'белый', 'пластик'),
(181, 'tvs', '1 год', 'Китай', 'USF-M', null, 'черный', 'полипропилен'),
(182, 'tvs', '1 год', 'Китай', 'USF-M', null, 'белый', 'полипропилен'),
(183, 'tvs', '1 год', 'Китай', 'ЭРА SF', null, 'белый', 'поликарбонат'),
(184, 'tvs', '1 год', 'Китай', null, null, 'белый', 'полипропилен'),
(185, 'tvs', '1 год', 'Китай', 'NEO WC3U', null, 'черный', 'пластик'),
(186, 'tvs', '1 год', 'Китай', 'POWER F2', null, 'черный', 'пластик'),
(187, 'tvs', '1 год', 'Китай', 'POWER F2', null, 'белый', 'пластик'),
(188, 'tvs', '2 года', 'Китай', 'USF-6es', null, 'белый', 'полипропилен'),
(189, 'tvs', '1 год', 'Китай', 'POWER F2', null, 'черный', 'пластик'),
(190, 'tvs', '1 год', 'Китай', 'NEO WC3U', null, 'белый', 'пластик'),
(191, 'tvs', '1 год', 'Китай', 'Optima', null, 'черный', 'пластик'),
(192, 'tvs', '1 год', 'Китай', 'Optima', null, 'черный', 'пластик'),
(193, 'tvs', '1 год', 'Китай', 'POWER H1', null, 'белый', 'пластик'),
(194, 'tvs', '1 год', 'Китай', 'POWER F2', null, 'черный', 'пластик'),
(195, 'tvs', '1 год', 'Китай', 'NEO WC3', null, 'черный', 'пластик'),
(196, 'tvs', '1 год', 'Китай', 'POWER F2', null, 'белый', 'пластик'),
(197, 'tvs', '1 год', 'Китай', 'Auto ID', null, 'белый', 'пластик'),
(198, 'tvs', '1 год', 'Китай', 'POWER F2', null, 'белый', 'пластик'),
(199, 'tvs', '1 год', 'Китай', 'Auto ID', null, 'черный', 'поликарбонат'),
(200, 'tvs', '1 год', 'Китай', null, null, 'белый', 'пластик'),

-- Чистящие средства 
(201, 'monitors', null, 'Россия', null, null, 'белый', 'крепированная бумага'),
(202, 'monitors', null, 'Россия', null, null, 'прозрачный', 'пластик'),
(203, 'monitors', null, 'Россия', null, null, 'прозрачный', null),
(204, 'monitors', null, 'Россия', null, null, 'белый', 'хлопок'),
(205, 'monitors', null, 'Россия', null, null, 'прозрачный', 'пластик'),
(206, 'monitors', null, 'Россия', null, null, 'серый', 'пластик'),
(207, 'monitors', null, 'Россия', null, null, 'прозрачный', null),
(208, 'monitors', null, 'Россия', null, null, 'прозрачный', null),
(209, 'monitors', null, 'Россия', null, null, 'черный', 'пластик'),
(210, 'monitors', null, 'Россия', null, null, 'желтый', 'пластик'),
(201, 'tvs', null, 'Россия', null, null, 'белый', 'крепированная бумага'),
(202, 'tvs', null, 'Россия', null, null, 'прозрачный', 'пластик'),
(203, 'tvs', null, 'Россия', null, null, 'прозрачный', null),
(204, 'tvs', null, 'Россия', null, null, 'белый', 'хлопок'),
(205, 'tvs', null, 'Россия', null, null, 'прозрачный', 'пластик'),
(206, 'tvs', null, 'Россия', null, null, 'серый', 'пластик'),
(207, 'tvs', null, 'Россия', null, null, 'прозрачный', null),
(208, 'tvs', null, 'Россия', null, null, 'прозрачный', null),
(209, 'tvs', null, 'Россия', null, null, 'черный', 'пластик'),
(210, 'tvs', null, 'Россия', null, null, 'желтый', 'пластик'),

-- Чехлы для телефона
(211, 'phones', '6 месяцев', 'Китай', 'Fade MagSafe Black', 'TFN-SС-IP13FMSTBK', 'черный', 'силикон'),
(212, 'phones', '6 месяцев', 'Китай', 'Hard MagSafe Clear', 'TFN-SС-IP13HMSTR', 'прозрачный', 'силикон'),
(213, 'phones', '3 месяца', 'Россия', 'Liquid Silicone', 'Pero Liquid Silicone', 'оранжевый', 'силикон'),
(214, 'phones', '3 месяца', 'Россия', 'PCLS', 'PCLS-0061-BL', 'синий', 'силикон'),
(215, 'phones', '3 месяца', 'Россия', 'Liquid Silicone', 'Pero Liquid Silicone', 'желтый', 'силикон'),
(216, 'phones', '1 год', 'Китай', 'Leather Case MagSafe', 'MM163ZE/A', 'сиреневая глициния', 'кожа'),

-- Портативки
(217, 'phones', '1 год', 'Китай', 'TFN-PB-278-BK', null, 'черный', 'пластик'),
(218, 'phones', '1 год', 'Китай', null, null, 'черный', 'пластик'),
(219, 'phones', '1 год', 'Китай', null, null, 'белый', 'пластик'),
(220, 'phones', '1 год', 'Китай', null, null, 'белый', 'пластик'),
(221, 'phones', '1 год', 'Китай', null, null, 'черный', 'пластик'),
(222, 'phones', '1 год', 'Китай', null, null, 'черный', 'пластик'),
(223, 'phones', '1 год', 'Китай', 'Verge LCD', null, 'черный', 'пластик'),
(224, 'phones', '1 год', 'Китай', 'Power Neo', null, 'белый', 'пластик'),
(225, 'phones', '1 год', 'Китай', 'Steel LCD PD', null, 'синий', 'пластик/ алюминий'),
(226, 'phones', '1 год', 'Китай', 'Steel LCD PD', null, 'серый', 'пластик/ алюминий'),
(227, 'phones', '1 год', 'Китай', 'TFN-PB-279-BK', null, 'черный', 'пластик'),
(228, 'phones', '1 год', 'Китай', 'Verge LCD', null, 'белый', 'пластик'),
(229, 'phones', '1 год', 'Китай', 'Verge LCD', null, 'черный', 'пластик'),
(230, 'phones', '1 год', 'Китай', 'Power Neo', null, 'белый', 'пластик'),
(217, 'watches', '1 год', 'Китай', 'TFN-PB-278-BK', null, 'черный', 'пластик'),
(218, 'watches', '1 год', 'Китай', null, null, 'черный', 'пластик'),
(219, 'watches', '1 год', 'Китай', null, null, 'белый', 'пластик'),
(220, 'watches', '1 год', 'Китай', null, null, 'белый', 'пластик'),
(221, 'watches', '1 год', 'Китай', null, null, 'черный', 'пластик'),
(222, 'watches', '1 год', 'Китай', null, null, 'черный', 'пластик'),
(223, 'watches', '1 год', 'Китай', 'Verge LCD', null, 'черный', 'пластик'),
(224, 'watches', '1 год', 'Китай', 'Power Neo', null, 'белый', 'пластик'),
(225, 'watches', '1 год', 'Китай', 'Steel LCD PD', null, 'синий', 'пластик/ алюминий'),
(226, 'watches', '1 год', 'Китай', 'Steel LCD PD', null, 'серый', 'пластик/ алюминий'),
(227, 'watches', '1 год', 'Китай', 'TFN-PB-279-BK', null, 'черный', 'пластик'),
(228, 'watches', '1 год', 'Китай', 'Verge LCD', null, 'белый', 'пластик'),
(229, 'watches', '1 год', 'Китай', 'Verge LCD', null, 'черный', 'пластик'),
(230, 'watches', '1 год', 'Китай', 'Power Neo', null, 'белый', 'пластик'),
(217, 'tablets', '1 год', 'Китай', 'TFN-PB-278-BK', null, 'черный', 'пластик'),
(218, 'tablets', '1 год', 'Китай', null, null, 'черный', 'пластик'),
(219, 'tablets', '1 год', 'Китай', null, null, 'белый', 'пластик'),
(220, 'tablets', '1 год', 'Китай', null, null, 'белый', 'пластик'),
(221, 'tablets', '1 год', 'Китай', null, null, 'черный', 'пластик'),
(222, 'tablets', '1 год', 'Китай', null, null, 'черный', 'пластик'),
(223, 'tablets', '1 год', 'Китай', 'Verge LCD', null, 'черный', 'пластик'),
(224, 'tablets', '1 год', 'Китай', 'Power Neo', null, 'белый', 'пластик'),
(225, 'tablets', '1 год', 'Китай', 'Steel LCD PD', null, 'синий', 'пластик/ алюминий'),
(226, 'tablets', '1 год', 'Китай', 'Steel LCD PD', null, 'серый', 'пластик/ алюминий'),
(227, 'tablets', '1 год', 'Китай', 'TFN-PB-279-BK', null, 'черный', 'пластик'),
(228, 'tablets', '1 год', 'Китай', 'Verge LCD', null, 'белый', 'пластик'),
(229, 'tablets', '1 год', 'Китай', 'Verge LCD', null, 'черный', 'пластик'),
(230, 'tablets', '1 год', 'Китай', 'Power Neo', null, 'белый', 'пластик'),

-- Зардники
(231, 'phones', '1 год', 'Китай', null, null, 'белый', 'пластик'),
(232, 'phones', '1 год', 'Китай', 'Ultra', 'TFN-WCRPD30W01', 'белый', 'пластик'),
(233, 'phones', '1 год', 'Китай', 'Ultra', 'TFN-WCRPD30W02', 'белый', 'пластик'),
(234, 'phones', '1 год', 'Китай', null, null, 'черный', 'пластик'),
(235, 'phones', '1 год', 'Китай', 'MagSafe Charger', 'MHXH3ZE/A', 'белый', 'пластик'),
(236, 'phones', '1 год', 'Китай', 'Ultra', 'TFN-WCRPD17', 'белый', 'пластик'),
(237, 'phones', '1 год', 'Китай', 'TFWCPD01', 'TFN-WCRPD07', 'черный', 'пластик'),
(238, 'phones', '1 год', 'Китай', 'TFWCPD02', 'TFN-WCRPD08', 'черный', 'пластик'),
(239, 'phones', '1 год', 'Китай', null, null, 'черный', 'пластик'),
(240, 'phones', '1 год', 'Китай', 'Ultra', '11391', 'белый', 'пластик'),
(231, 'tablets', '1 год', 'Китай', null, null, 'белый', 'пластик'),
(232, 'tablets', '1 год', 'Китай', 'Ultra', 'TFN-WCRPD30W01', 'белый', 'пластик'),
(233, 'tablets', '1 год', 'Китай', 'Ultra', 'TFN-WCRPD30W02', 'белый', 'пластик'),
(234, 'tablets', '1 год', 'Китай', null, null, 'черный', 'пластик'),
(235, 'tablets', '1 год', 'Китай', 'MagSafe Charger', 'MHXH3ZE/A', 'белый', 'пластик'),
(236, 'tablets', '1 год', 'Китай', 'Ultra', 'TFN-WCRPD17', 'белый', 'пластик'),
(237, 'tablets', '1 год', 'Китай', 'TFWCPD01', 'TFN-WCRPD07', 'черный', 'пластик'),
(238, 'tablets', '1 год', 'Китай', 'TFWCPD02', 'TFN-WCRPD08', 'черный', 'пластик'),
(239, 'tablets', '1 год', 'Китай', null, null, 'черный', 'пластик'),
(240, 'tablets', '1 год', 'Китай', 'Ultra', '11391', 'белый', 'пластик'),

--  Флешки
(241, 'computers', '1 год', 'Китай', 'M200', null, 'серый', 'авиационный алюминий'),
(242, 'computers', '3 года', 'Китай', 'U903', null, 'черный', 'пластик'),
(241, 'tvs', '1 год', 'Китай', 'M200', null, 'серый', 'авиационный алюминий'),
(242, 'tvs', '3 года', 'Китай', 'U903', null, 'черный', 'пластик'),

-- Wi-fi роутеры
(243, 'computers', '3 года', 'Китай', null, null, 'белый', null),
(244, 'computers', '3 года', 'Китай', null, null, 'черный', null),

-- Мышь
(245, 'computers', '1 год', 'Китай', null, 'RX-220W', 'черный', 'пластик'),
(246, 'computers', '2 года', 'Китай', null, 'M190', 'серый', 'пластик'),
(247, 'computers', '1 год', 'Китай', 'Logitech G102 LIGHTSYNC Gaming', 'G102 LightSync Black', 'черный', 'пластик'),
(248, 'computers', '1 год', 'Китай', 'Bloody', 'V8', 'черный', 'пластик'),
(245, 'monitors', '1 год', 'Китай', null, 'RX-220W', 'черный', 'пластик'),
(246, 'monitors', '2 года', 'Китай', null, 'M190', 'серый', 'пластик'),
(247, 'monitors', '1 год', 'Китай', 'Logitech G102 LIGHTSYNC Gaming', 'G102 LightSync Black', 'черный', 'пластик'),
(248, 'monitors', '1 год', 'Китай', 'Bloody', 'V8', 'черный', 'пластик'),

-- Клавиатура
(249, 'computers', '1 год', 'Китай', 'HPK', 'HPK-G101 Fever', 'черный', 'пластик'),
(250, 'computers', '2 года', 'Китай', 'G', 'G413', 'черный', 'пластик'),
(249, 'monitors', '1 год', 'Китай', 'HPK', 'HPK-G101 Fever', 'черный', 'пластик'),
(250, 'monitors', '2 года', 'Китай', 'G', 'G413', 'черный', 'пластик'),

-- антена
(251, 'tvs', '1 год', 'Китай', 'SV9143', null, 'черный', 'пластик'),
(252, 'tvs', '1 год', 'Россия', 'BAS-5341-DX', null, 'черный', 'пластик'),

-- Беспроводные зарядки
(253, 'watches', '2 года', 'Китай', 'VA', 'VA4912', 'белый', 'пластик'),
(254, 'watches', '6 месяцев', 'Китай', 'TFQI03', 'TFN-QI03', 'черный', 'пластик'),
(255, 'watches', '1 год', 'Китай', 'NQ', 'NQ-00230', 'коричневый', 'металл/ пластик'),
(256, 'watches', '1 год', 'Китай', 'Qi', '24011', 'черный', 'пластик'),

-- Ремешки
(257, 'watches', '1 год', 'Китай', 'VEGA', null, 'розовое золото', 'нейлон'),
(258, 'watches', '1 год', 'Китай', 'LIBERTAS', null, 'черный', 'керамика'),
(259, 'watches', '1 год', 'Китай', 'QADHARA', null, 'красный/ черный', 'силикон'),
(260, 'watches', '1 год', 'Китай', 'VEGA', null, 'розовое золото', 'нейлон'),
(261, 'watches', '1 год', 'Китай', 'AVIOR', null, 'синий', 'силикон'),
(262, 'watches', '1 год', 'Китай', 'AVIOR', null, 'розовый', 'силикон'),
(263, 'watches', '1 год', 'Китай', 'ALIOTH', null, 'белый/ розовый', 'силикон'),
(264, 'watches', '1 год', 'Китай', 'VEGA', null, 'синий/хаки', 'нейлон'),
(265, 'watches', '1 год', 'Китай', 'ALTAIR', null, 'черный', 'силикон'),
(266, 'watches', '1 год', 'Китай', 'LIBERTAS', null, 'белый', 'керамика'),

-- Стилус
(267, 'tablets', '1 год', 'Китай', 'Apple Pencil', 'MK0C2ZM/A', 'белый', 'пластик'),
(268, 'tablets', '1 год', 'Китай', null, null, 'белый', 'алюминий'),

-- кабель
(269, 'tablets', '3 месяца', 'Китай', 'TPE', null, 'белый', 'TPE');

INSERT INTO comments (itemID, userID, pros, cons, comment, rating) VALUES
(1, 2, 'Четкий, эффективный, качественный', 'Никаких', 'Очень классный товар! Рекомендую', 5),
(1, 3, 'Комфортен для глаз, картинка супер', 'Одни плюсы', 'Быстрая доставка порадовала', 5),
(1, 4, 'Цена, доставка', 'Есть товары и получше', 'В целом неплохо, за свою цену - норм', 3),
(1, 5, 'нет', 'нет', 'нет', 3),
(1, 6, 'нет', 'нет', 'нет', 4),
(1, 7, 'нет', 'нет', 'нет', 5),
(1, 8, 'нет', 'нет', 'нет', 5),
(1, 9, 'нет', 'нет', 'нет', 5),
(2, 3, 'Комфортен для глаз, картинка супер', 'Одни плюсы', 'Быстрая доставка порадовала', 5),
(2, 4, 'Цена, доставка', 'Есть товары и получше', 'В целом неплохо, за свою цену - норм', 3),
(2, 5, 'нет', 'нет', 'нет', 4),
(2, 6, 'нет', 'нет', 'нет', 4),
(2, 7, 'нет', 'нет', 'нет', 4),
(2, 8, 'нет', 'нет', 'нет', 5),
(2, 9, 'нет', 'нет', 'нет', 5),
(3, 2, 'Четкий, эффективный, качественный', 'Никаких', 'Очень классный товар! Рекомендую', 5),
(3, 4, 'Цена, доставка', 'Есть товары и получше', 'В целом неплохо, за свою цену - норм', 3),
(3, 5, 'нет', 'нет', 'нет', 3),
(3, 6, 'нет', 'нет', 'нет', 4),
(3, 7, 'нет', 'нет', 'нет', 3),
(3, 8, 'нет', 'нет', 'нет', 3),
(3, 9, 'нет', 'нет', 'нет', 5),
(4, 2, 'Четкий, эффективный, качественный', 'Никаких', 'Очень классный товар! Рекомендую', 5),
(4, 3, 'Комфортен для глаз, картинка супер', 'Одни плюсы', 'Быстрая доставка порадовала', 5),
(4, 5, 'нет', 'нет', 'нет', 5),
(4, 6, 'нет', 'нет', 'нет', 5),
(4, 7, 'нет', 'нет', 'нет', 5),
(4, 8, 'нет', 'нет', 'нет', 5),
(4, 9, 'нет', 'нет', 'нет', 5),
(5, 2, 'Все круто', 'Никаких', 'Очень классный товар! Рекомендую', 5),
(5, 3, 'Все', 'Одни плюсы', 'Быстрая доставка порадовала', 5),
(5, 4, 'Цена, доставка', 'Есть товары и получше', 'В целом неплохо, за свою цену - норм', 4),
(5, 5, 'нет', 'нет', 'нет', 3),
(5, 6, 'нет', 'нет', 'нет', 4),
(5, 7, 'нет', 'нет', 'нет', 4),
(5, 8, 'нет', 'нет', 'нет', 5),
(5, 9, 'нет', 'нет', 'нет', 5),
(6, 2, 'Четкий, эффективный, качественный', 'Никаких', 'Очень классный товар! Рекомендую', 5),
(6, 3, 'Комфортен для глаз, картинка супер', 'Одни плюсы', 'Быстрая доставка порадовала', 5),
(6, 4, 'Цена, доставка', 'Есть товары и получше', 'В целом неплохо, за свою цену - норм', 3),
(6, 5, 'нет', 'нет', 'нет', 5),
(6, 6, 'нет', 'нет', 'нет', 5),
(6, 7, 'нет', 'нет', 'нет', 5),
(6, 8, 'нет', 'нет', 'нет', 5),
(6, 9, 'нет', 'нет', 'нет', 5),
(7, 2, 'Четкий, эффективный, качественный', 'Никаких', 'Очень классный товар! Рекомендую', 5),
(7, 3, 'Комфортен для глаз, картинка супер', 'Одни плюсы', 'Быстрая доставка порадовала', 5),
(7, 5, 'нет', 'нет', 'нет', 3),
(7, 6, 'нет', 'нет', 'нет', 4),
(7, 7, 'нет', 'нет', 'нет', 5),
(7, 8, 'нет', 'нет', 'нет', 5),
(7, 9, 'нет', 'нет', 'нет', 5),
(8, 2, 'нет', 'нет', 'нет', 5),
(8, 3, 'нет', 'нет', 'нет', 5),
(8, 4, 'нет', 'нет', 'нет', 3),
(8, 5, 'нет', 'нет', 'нет', 3),
(8, 6, 'нет', 'нет', 'нет', 4),
(8, 7, 'нет', 'нет', 'нет', 3),
(8, 8, 'нет', 'нет', 'нет', 3),
(8, 9, 'нет', 'нет', 'нет', 2),
(9, 2, 'Эффективный, качественный', 'нет', 'Рекомендую', 5),
(9, 3, 'Комфортен для глаз, картинка супер', 'Одни плюсы', 'Быстрая доставка порадовала', 5),
(9, 4, 'Цена, доставка', 'нет', 'В целом неплохо.', 4),
(9, 5, 'нет', 'нет', 'нет', 3),
(9, 6, 'нет', 'нет', 'нет', 4),
(9, 7, 'нет', 'нет', 'нет', 5),
(9, 8, 'нет', 'нет', 'нет', 5),
(9, 9, 'нет', 'нет', 'нет', 5),
(10, 2, 'Четкий, эффективный, качественный', 'Никаких', 'Очень классный товар! Рекомендую', 5),
(10, 3, 'Комфортен для глаз, картинка супер', 'Одни плюсы', 'Быстрая доставка порадовала', 5),
(10, 4, 'Цена, доставка', 'Есть товары и получше', 'В целом неплохо, за свою цену - норм', 3),
(10, 5, 'нет', 'нет', 'нет', 3),
(10, 6, 'нет', 'нет', 'нет', 5),
(10, 7, 'нет', 'нет', 'нет', 5),
(10, 8, 'нет', 'нет', 'нет', 5),
(10, 9, 'нет', 'нет', 'нет', 3),
(11, 4, 'Цена, доставка', 'Есть товары и получше', 'В целом неплохо, за свою цену - норм', 3),
(11, 5, 'нет', 'нет', 'нет', 3),
(11, 6, 'нет', 'нет', 'нет', 4),
(11, 7, 'нет', 'нет', 'нет', 5),
(12, 5, 'нет', 'нет', 'нет', 3),
(12, 6, 'нет', 'нет', 'нет', 4),
(12, 7, 'нет', 'нет', 'нет', 5),
(12, 8, 'нет', 'нет', 'нет', 5),
(12, 9, 'нет', 'нет', 'нет', 5),
(13, 5, 'нет', 'нет', 'нет', 5),
(13, 6, 'нет', 'нет', 'нет', 5),
(13, 7, 'нет', 'нет', 'нет', 5),
(13, 8, 'нет', 'нет', 'нет', 5),
(13, 9, 'нет', 'нет', 'нет', 5),
(14, 2, 'Четкий, эффективный, качественный', 'Никаких', 'Очень классный товар! Рекомендую', 5),
(14, 3, 'Комфортен для глаз, картинка супер', 'Одни плюсы', 'Быстрая доставка порадовала', 5),
(14, 5, 'нет', 'нет', 'нет', 3),
(14, 6, 'нет', 'нет', 'нет', 4),
(14, 7, 'нет', 'нет', 'нет', 5),
(15, 2, 'Качественный', 'Никаких', 'Очень классный товар! Рекомендую', 5),
(15, 3, 'Картинка супер', 'Одни плюсы', 'Быстрая доставка порадовала', 5),
(15, 4, 'Доставка', 'Есть товары и получше', 'В целом неплохо, за свою цену - норм', 4),
(15, 5, 'нет', 'нет', 'нет', 3),
(15, 6, 'нет', 'нет', 'нет', 4),
(15, 7, 'нет', 'нет', 'нет', 5),
(15, 8, 'нет', 'нет', 'нет', 5),
(15, 9, 'нет', 'нет', 'нет', 5),
(16, 2, 'Четкий, эффективный, качественный', 'Никаких', 'Очень классный товар! Рекомендую', 5),
(16, 3, 'Комфортен для глаз, картинка супер', 'Одни плюсы', 'Быстрая доставка порадовала', 5),
(16, 4, 'Цена, доставка', 'нет', 'В целом все устроило', 5),
(16, 5, 'нет', 'нет', 'нет', 3),
(16, 6, 'нет', 'нет', 'нет', 5),
(16, 7, 'нет', 'нет', 'нет', 5),
(16, 8, 'нет', 'нет', 'нет', 5),
(16, 9, 'нет', 'нет', 'нет', 5),
(17, 2, 'Качественный', 'Никаких', 'Очень классный товар!', 5),
(17, 3, 'Комфортен для глаз, картинка супер', 'Одни плюсы', 'Быстрая доставка порадовала', 5),
(17, 5, 'нет', 'нет', 'нет', 3),
(17, 6, 'нет', 'нет', 'нет', 4),
(17, 7, 'нет', 'нет', 'нет', 5),
(17, 8, 'нет', 'нет', 'нет', 5),
(17, 9, 'нет', 'нет', 'нет', 5),
(18, 2, 'Четкий, эффективный, качественный', 'Никаких', 'Очень классный товар! Рекомендую', 5),
(18, 4, 'Цена, доставка', 'Есть товары и получше', 'В целом неплохо, за свою цену - норм', 3),
(18, 5, 'нет', 'нет', 'нет', 3),
(18, 6, 'нет', 'нет', 'нет', 4),
(18, 7, 'нет', 'нет', 'нет', 5),
(18, 8, 'нет', 'нет', 'нет', 5),
(18, 9, 'нет', 'нет', 'нет', 5),
(19, 2, 'Четкий, эффективный, качественный', 'Никаких', 'Очень классный товар! Рекомендую', 5),
(19, 5, 'нет', 'нет', 'нет', 3),
(19, 6, 'нет', 'нет', 'нет', 4),
(19, 7, 'нет', 'нет', 'нет', 5),
(19, 8, 'нет', 'нет', 'нет', 5),
(19, 9, 'нет', 'нет', 'нет', 5),
(20, 2, 'Четкий, эффективный, качественный', 'Никаких', 'Очень классный товар! Рекомендую', 5),
(20, 3, 'Комфортен для глаз, картинка супер', 'нет', 'Быстрая доставка порадовала', 5),
(20, 4, 'Цена, доставка', 'нет', 'В целом неплохо, за свою цену - хорошо', 5),
(20, 6, 'нет', 'нет', 'нет', 4),
(20, 7, 'нет', 'нет', 'нет', 5),
(20, 8, 'нет', 'нет', 'нет', 5),
(20, 9, 'нет', 'нет', 'нет', 5),
(31, 2, 'Круто все', 'Никаких', 'Хороший товар! Рекомендую', 5),
(31, 3, 'Я в восторге!!!', 'Одни плюсы', 'Быстрая доставка порадовала', 5),
(31, 4, 'Цена, доставка и все остальное', 'нет', 'Мне понравилось', 5),
(31, 5, 'нет', 'нет', 'нет', 3),
(31, 6, 'нет', 'нет', 'нет', 3),
(31, 7, 'нет', 'нет', 'нет', 2),
(31, 8, 'нет', 'нет', 'нет', 5),
(31, 9, 'нет', 'нет', 'нет', 5),
(32, 5, 'нет', 'нет', 'нет', 3),
(32, 6, 'нет', 'нет', 'нет', 4),
(32, 7, 'нет', 'нет', 'нет', 5),
(32, 8, 'нет', 'нет', 'нет', 5),
(32, 9, 'нет', 'нет', 'нет', 5),
(33, 2, 'Четкий, эффективный, качественный', 'Никаких', 'Очень классный товар! Рекомендую', 5),
(33, 3, 'Комфортен для глаз, картинка супер', 'Одни плюсы', 'Быстрая доставка порадовала', 5),
(33, 4, 'Цена, доставка', 'Есть товары и получше', 'В целом неплохо, за свою цену - норм', 3),
(33, 5, 'нет', 'нет', 'нет', 5),
(33, 6, 'нет', 'нет', 'нет', 5),
(33, 7, 'нет', 'нет', 'нет', 5),
(33, 8, 'нет', 'нет', 'нет', 5),
(33, 9, 'нет', 'нет', 'нет', 5),
(34, 2, 'Все', 'Никаких', 'Очень классный товар! Рекомендую', 5),
(34, 3, 'Все понравилось', 'Одни плюсы', 'Быстрая доставка порадовала', 5),
(34, 4, 'Цена, доставка', 'нет', 'В целом понравилось', 5),
(34, 5, 'нет', 'нет', 'нет', 5),
(34, 6, 'нет', 'нет', 'нет', 5),
(34, 7, 'нет', 'нет', 'нет', 5),
(34, 8, 'нет', 'нет', 'нет', 5),
(34, 9, 'нет', 'нет', 'нет', 5),
(35, 5, 'нет', 'нет', 'нет', 3),
(35, 6, 'нет', 'нет', 'нет', 4),
(35, 7, 'нет', 'нет', 'нет', 5),
(35, 8, 'нет', 'нет', 'нет', 5),
(35, 9, 'нет', 'нет', 'нет', 5),
(36, 2, 'Четкий, эффективный, качественный', 'Никаких', 'Очень классный товар! Рекомендую', 5),
(36, 3, 'Комфортен для глаз, картинка супер', 'Одни плюсы', 'Быстрая доставка порадовала', 5),
(36, 7, 'нет', 'нет', 'нет', 5),
(36, 8, 'нет', 'нет', 'нет', 5),
(36, 9, 'нет', 'нет', 'нет', 5),
(37, 2, 'Круто все', 'Никаких', 'Хороший товар! Рекомендую', 5),
(37, 4, 'Цена, доставка и все остальное', 'нет', 'Мне понравилось', 5),
(37, 6, 'нет', 'нет', 'нет', 5),
(37, 7, 'нет', 'нет', 'нет', 5),
(37, 8, 'нет', 'нет', 'нет', 5),
(37, 9, 'нет', 'нет', 'нет', 5),
(38, 3, 'Я в восторге!!!', 'Одни плюсы', 'Быстрая доставка порадовала', 5),
(38, 4, 'Цена, доставка и все остальное', 'нет', 'Мне понравилось', 5),
(38, 5, 'нет', 'нет', 'нет', 4),
(38, 6, 'нет', 'нет', 'нет', 4),
(38, 7, 'нет', 'нет', 'нет', 4),
(38, 8, 'нет', 'нет', 'нет', 5),
(38, 9, 'нет', 'нет', 'нет', 5),
(39, 2, 'Круто все', 'Никаких', 'Хороший товар! Рекомендую', 5),
(39, 3, 'Я в восторге!!!', 'Одни плюсы', 'Быстрая доставка порадовала', 5),
(39, 4, 'Цена, доставка и все остальное', 'нет', 'Мне понравилось', 5),
(39, 5, 'нет', 'нет', 'нет', 5),
(39, 6, 'нет', 'нет', 'нет', 5),
(39, 7, 'нет', 'нет', 'нет', 4),
(39, 8, 'нет', 'нет', 'нет', 5),
(39, 9, 'нет', 'нет', 'нет', 5),
(40, 2, 'Круто все', 'Никаких', 'Хороший товар! Рекомендую', 5),
(40, 8, 'Я в восторге!!!', 'Одни плюсы', 'Быстрая доставка порадовала', 5),
(40, 9, 'Цена, доставка и все остальное', 'нет', 'Мне понравилось', 5),
(40, 5, 'нет', 'нет', 'нет', 3),
(40, 6, 'нет', 'нет', 'нет', 4),
(40, 7, 'нет', 'нет', 'нет', 4),
(41, 2, 'Круто все', 'Никаких', 'Хороший товар! Рекомендую', 5),
(41, 5, 'нет', 'нет', 'нет', 3),
(41, 6, 'нет', 'нет', 'нет', 3),
(41, 7, 'нет', 'нет', 'нет', 4),
(41, 8, 'нет', 'нет', 'нет', 5),
(41, 9, 'нет', 'нет', 'нет', 5),
(42, 3, 'Я в восторге!!!', 'Одни плюсы', 'Быстрая доставка порадовала', 5),
(42, 8, 'нет', 'нет', 'нет', 5),
(42, 9, 'нет', 'нет', 'нет', 5),
(43, 4, 'Цена, доставка и все остальное', 'нет', 'Мне понравилось', 5),
(43, 5, 'нет', 'нет', 'нет', 3),
(43, 8, 'нет', 'нет', 'нет', 5),
(43, 9, 'нет', 'нет', 'нет', 5),
(44, 5, 'нет', 'нет', 'нет', 3),
(44, 8, 'нет', 'нет', 'нет', 5),
(44, 9, 'нет', 'нет', 'нет', 5),
(45, 5, 'нет', 'нет', 'нет', 4),
(45, 8, 'нет', 'нет', 'нет', 5),
(45, 9, 'нет', 'нет', 'нет', 5),
(45, 3, 'нет', 'нет', 'нет', 4),
(45, 2, 'нет', 'нет', 'нет', 5),
(46, 5, 'нет', 'нет', 'нет', 3),
(46, 8, 'нет', 'нет', 'нет', 4),
(46, 9, 'нет', 'нет', 'нет', 5),
(46, 3, 'нет', 'нет', 'нет', 5),
(46, 2, 'нет', 'нет', 'нет', 5),
(47, 5, 'нет', 'нет', 'нет', 5),
(47, 8, 'нет', 'нет', 'нет', 5),
(47, 9, 'нет', 'нет', 'нет', 5),
(47, 3, 'нет', 'нет', 'нет', 5),
(47, 2, 'нет', 'нет', 'нет', 5),
(48, 5, 'нет', 'нет', 'нет', 4),
(48, 8, 'нет', 'нет', 'нет', 4),
(48, 9, 'нет', 'нет', 'нет', 5),
(48, 3, 'нет', 'нет', 'нет', 5),
(48, 2, 'нет', 'нет', 'нет', 5),
(49, 5, 'нет', 'нет', 'нет', 3),
(49, 8, 'нет', 'нет', 'нет', 4),
(49, 9, 'нет', 'нет', 'нет', 4),
(49, 3, 'нет', 'нет', 'нет', 4),
(49, 2, 'нет', 'нет', 'нет', 4),
(50, 5, 'нет', 'нет', 'нет', 4),
(50, 8, 'нет', 'нет', 'нет', 4),
(50, 9, 'нет', 'нет', 'нет', 5),
(50, 3, 'нет', 'нет', 'нет', 5),
(50, 2, 'нет', 'нет', 'нет', 5),
(61, 2, 'Цена', 'Никаких', 'Хороший товар! Рекомендую', 5),
(61, 3, 'Я в восторге!!!', 'Одни плюсы', 'Быстрая доставка порадовала', 5),
(61, 4, 'Цена, доставка и все остальное', 'нет', 'Мне понравилось', 5),
(61, 5, 'нет', 'нет', 'нет', 3),
(61, 6, 'нет', 'нет', 'нет', 3),
(61, 7, 'нет', 'нет', 'нет', 2),
(61, 8, 'нет', 'нет', 'нет', 5),
(61, 9, 'нет', 'нет', 'нет', 5),
(62, 5, 'нет', 'нет', 'нет', 3),
(62, 6, 'нет', 'нет', 'нет', 4),
(62, 7, 'нет', 'нет', 'нет', 5),
(62, 8, 'нет', 'нет', 'нет', 5),
(62, 9, 'нет', 'нет', 'нет', 5),
(63, 2, 'Четкий, эффективный, качественный. Плюс цена хорошая', 'Никаких', 'Очень классный товар! Рекомендую', 5),
(63, 4, 'Цена, доставка', 'Есть товары и получше', 'В целом неплохо, за свою цену - норм', 3),
(63, 5, 'нет', 'нет', 'нет', 5),
(63, 6, 'нет', 'нет', 'нет', 5),
(63, 7, 'нет', 'нет', 'нет', 5),
(63, 8, 'нет', 'нет', 'нет', 5),
(63, 9, 'нет', 'нет', 'нет', 5),
(64, 2, 'Все', 'Никаких', 'Очень классный товар! Рекомендую', 5),
(64, 3, 'Цена', 'Одни плюсы', 'Быстрая доставка порадовала', 5),
(64, 4, 'Цена, доставка', 'нет', 'В целом понравилось', 5),
(64, 5, 'нет', 'нет', 'нет', 5),
(64, 6, 'нет', 'нет', 'нет', 5),
(64, 7, 'нет', 'нет', 'нет', 5),
(64, 8, 'нет', 'нет', 'нет', 5),
(64, 9, 'нет', 'нет', 'нет', 5),
(65, 5, 'нет', 'нет', 'нет', 3),
(65, 6, 'нет', 'нет', 'нет', 4),
(65, 7, 'нет', 'нет', 'нет', 5),
(65, 8, 'нет', 'нет', 'нет', 5),
(65, 9, 'нет', 'нет', 'нет', 5),
(66, 2, 'Четкий, эффективный, качественный', 'Никаких', 'Очень классный товар! Рекомендую', 5),
(66, 3, 'Комфортен для глаз, картинка супер', 'Одни плюсы', 'Быстрая доставка порадовала', 5),
(66, 7, 'нет', 'нет', 'нет', 5),
(66, 8, 'нет', 'нет', 'нет', 5),
(66, 9, 'нет', 'нет', 'нет', 5),
(67, 2, 'Круто все', 'Никаких', 'Хороший товар! Рекомендую', 5),
(67, 4, 'Цена, доставка и все остальное', 'нет', 'Мне понравилось', 5),
(67, 6, 'нет', 'нет', 'нет', 5),
(67, 7, 'нет', 'нет', 'нет', 5),
(67, 8, 'нет', 'нет', 'нет', 5),
(67, 9, 'нет', 'нет', 'нет', 5),
(68, 3, 'Я в восторге!!!', 'Одни плюсы', 'Быстрая доставка порадовала', 5),
(68, 4, 'Цена, доставка и все остальное', 'нет', 'Мне понравилось', 5),
(68, 5, 'нет', 'нет', 'нет', 4),
(68, 6, 'нет', 'нет', 'нет', 4),
(68, 7, 'нет', 'нет', 'нет', 4),
(68, 8, 'нет', 'нет', 'нет', 5),
(68, 9, 'нет', 'нет', 'нет', 5),
(69, 2, 'Круто', 'Никаких', 'Хороший товар! Рекомендую', 5),
(69, 3, 'Восторг!!!', 'Одни плюсы', 'Быстрая доставка порадовала', 5),
(69, 4, 'Цена, доставка и все остальное', 'нет', 'Мне понравилось', 5),
(69, 5, 'нет', 'нет', 'нет', 5),
(69, 6, 'нет', 'нет', 'нет', 5),
(69, 7, 'нет', 'нет', 'нет', 4),
(69, 8, 'нет', 'нет', 'нет', 5),
(69, 9, 'нет', 'нет', 'нет', 5),
(70, 2, 'Круто все', 'Никаких', 'Хороший товар! Рекомендую', 5),
(70, 8, 'Я в восторге!!!', 'Одни плюсы', 'Быстрая доставка порадовала', 5),
(70, 9, 'Цена, доставка и все остальное', 'нет', 'Мне понравилось', 5),
(70, 5, 'нет', 'нет', 'нет', 3),
(70, 6, 'нет', 'нет', 'нет', 4),
(70, 7, 'нет', 'нет', 'нет', 4),
(71, 2, 'Круто все', 'Никаких', 'Хороший товар! Рекомендую', 5),
(71, 5, 'нет', 'нет', 'нет', 3),
(71, 6, 'нет', 'нет', 'нет', 3),
(71, 7, 'нет', 'нет', 'нет', 4),
(71, 8, 'нет', 'нет', 'нет', 5),
(71, 9, 'нет', 'нет', 'нет', 5),
(72, 3, 'Я в восторге!!!', 'Одни плюсы', 'Быстрая доставка порадовала', 5),
(72, 8, 'нет', 'нет', 'нет', 5),
(72, 9, 'нет', 'нет', 'нет', 5),
(73, 4, 'Цена, доставка и все остальное', 'нет', 'Мне понравилось', 5),
(73, 5, 'нет', 'нет', 'нет', 3),
(73, 8, 'нет', 'нет', 'нет', 5),
(73, 9, 'нет', 'нет', 'нет', 5),
(74, 5, 'нет', 'нет', 'нет', 3),
(74, 8, 'нет', 'нет', 'нет', 5),
(74, 9, 'нет', 'нет', 'нет', 5),
(75, 5, 'нет', 'нет', 'нет', 4),
(75, 8, 'нет', 'нет', 'нет', 5),
(75, 9, 'нет', 'нет', 'нет', 5),
(75, 3, 'нет', 'нет', 'нет', 4),
(75, 2, 'нет', 'нет', 'нет', 5),
(76, 5, 'нет', 'нет', 'нет', 3),
(76, 8, 'нет', 'нет', 'нет', 4),
(76, 9, 'нет', 'нет', 'нет', 5),
(76, 3, 'нет', 'нет', 'нет', 5),
(76, 2, 'нет', 'нет', 'нет', 5),
(77, 5, 'нет', 'нет', 'нет', 5),
(77, 8, 'нет', 'нет', 'нет', 5),
(77, 9, 'нет', 'нет', 'нет', 5),
(77, 3, 'нет', 'нет', 'нет', 5),
(77, 2, 'нет', 'нет', 'нет', 5),
(78, 5, 'нет', 'нет', 'нет', 4),
(78, 8, 'нет', 'нет', 'нет', 4),
(78, 9, 'нет', 'нет', 'нет', 5),
(78, 3, 'нет', 'нет', 'нет', 5),
(78, 2, 'нет', 'нет', 'нет', 5),
(79, 5, 'нет', 'нет', 'нет', 3),
(79, 8, 'нет', 'нет', 'нет', 4),
(79, 9, 'нет', 'нет', 'нет', 4),
(79, 3, 'нет', 'нет', 'нет', 4),
(79, 2, 'нет', 'нет', 'нет', 4),
(80, 5, 'нет', 'нет', 'нет', 4),
(80, 8, 'нет', 'нет', 'нет', 4),
(80, 9, 'нет', 'нет', 'нет', 5),
(80, 3, 'нет', 'нет', 'нет', 5),
(80, 2, 'нет', 'нет', 'нет', 5),
(91, 2, 'Круто все', 'Никаких', 'Хороший товар! Рекомендую', 5),
(91, 3, 'Я в восторге!!!', 'Одни плюсы', 'Быстрая доставка порадовала', 5),
(91, 4, 'Цена, доставка и все остальное', 'нет', 'Мне понравилось', 5),
(91, 5, 'нет', 'нет', 'нет', 3),
(91, 6, 'нет', 'нет', 'нет', 3),
(91, 7, 'нет', 'нет', 'нет', 2),
(91, 8, 'нет', 'нет', 'нет', 5),
(91, 9, 'нет', 'нет', 'нет', 5),
(92, 5, 'нет', 'нет', 'нет', 3),
(92, 6, 'нет', 'нет', 'нет', 4),
(92, 7, 'нет', 'нет', 'нет', 5),
(92, 8, 'нет', 'нет', 'нет', 5),
(92, 9, 'нет', 'нет', 'нет', 5),
(93, 2, 'Четкий, эффективный, качественный', 'Никаких', 'Очень классный товар! Рекомендую', 5),
(93, 3, 'Комфортен для глаз, картинка супер', 'Одни плюсы', 'Быстрая доставка порадовала', 5),
(93, 4, 'Цена, доставка', 'Есть товары и получше', 'В целом неплохо, за свою цену - норм', 3),
(93, 5, 'нет', 'нет', 'нет', 5),
(93, 6, 'нет', 'нет', 'нет', 5),
(93, 7, 'нет', 'нет', 'нет', 5),
(93, 8, 'нет', 'нет', 'нет', 5),
(93, 9, 'нет', 'нет', 'нет', 5),
(94, 2, 'Все', 'Никаких', 'Очень классный товар! Рекомендую', 5),
(94, 3, 'Все понравилось', 'Одни плюсы', 'Быстрая доставка порадовала', 5),
(94, 4, 'Цена, доставка', 'нет', 'В целом понравилось', 5),
(94, 5, 'нет', 'нет', 'нет', 5),
(94, 6, 'нет', 'нет', 'нет', 5),
(94, 7, 'нет', 'нет', 'нет', 5),
(94, 8, 'нет', 'нет', 'нет', 5),
(94, 9, 'нет', 'нет', 'нет', 5),
(95, 5, 'нет', 'нет', 'нет', 3),
(95, 6, 'нет', 'нет', 'нет', 4),
(95, 7, 'нет', 'нет', 'нет', 5),
(95, 8, 'нет', 'нет', 'нет', 5),
(95, 9, 'нет', 'нет', 'нет', 5),
(96, 2, 'Четкий, эффективный, качественный', 'Никаких', 'Очень классный товар! Рекомендую', 5),
(96, 3, 'Комфортен для глаз, картинка супер', 'Одни плюсы', 'Быстрая доставка порадовала', 5),
(96, 7, 'нет', 'нет', 'нет', 5),
(96, 8, 'нет', 'нет', 'нет', 5),
(96, 9, 'нет', 'нет', 'нет', 5),
(97, 2, 'Круто все', 'Никаких', 'Хороший товар! Рекомендую', 5),
(97, 4, 'Цена, доставка и все остальное', 'нет', 'Мне понравилось', 5),
(97, 6, 'нет', 'нет', 'нет', 5),
(97, 7, 'нет', 'нет', 'нет', 5),
(97, 8, 'нет', 'нет', 'нет', 5),
(97, 9, 'нет', 'нет', 'нет', 5),
(98, 3, 'Я в восторге!!!', 'Одни плюсы', 'Быстрая доставка порадовала', 5),
(98, 4, 'Цена, доставка и все остальное', 'нет', 'Мне понравилось', 5),
(98, 5, 'нет', 'нет', 'нет', 4),
(98, 6, 'нет', 'нет', 'нет', 4),
(98, 7, 'нет', 'нет', 'нет', 4),
(98, 8, 'нет', 'нет', 'нет', 5),
(98, 9, 'нет', 'нет', 'нет', 5),
(99, 2, 'Круто все', 'Никаких', 'Хороший товар! Рекомендую', 5),
(99, 3, 'Я в восторге!!!', 'Одни плюсы', 'Быстрая доставка порадовала', 5),
(99, 4, 'Цена, доставка и все остальное', 'нет', 'Мне понравилось', 5),
(99, 5, 'нет', 'нет', 'нет', 5),
(99, 6, 'нет', 'нет', 'нет', 5),
(99, 7, 'нет', 'нет', 'нет', 4),
(99, 8, 'нет', 'нет', 'нет', 5),
(99, 9, 'нет', 'нет', 'нет', 5),
(100, 2, 'Круто все', 'Никаких', 'Хороший товар! Рекомендую', 5),
(100, 8, 'Я в восторге!!!', 'Одни плюсы', 'Быстрая доставка порадовала', 5),
(100, 9, 'Цена, доставка и все остальное', 'нет', 'Мне понравилось', 5),
(100, 5, 'нет', 'нет', 'нет', 3),
(100, 6, 'нет', 'нет', 'нет', 4),
(100, 7, 'нет', 'нет', 'нет', 4),
(101, 2, 'Круто все', 'Никаких', 'Хороший товар! Рекомендую', 5),
(101, 5, 'нет', 'нет', 'нет', 3),
(101, 6, 'нет', 'нет', 'нет', 3),
(101, 7, 'нет', 'нет', 'нет', 4),
(101, 8, 'нет', 'нет', 'нет', 5),
(101, 9, 'нет', 'нет', 'нет', 5),
(102, 3, 'Я в восторге!!!', 'Одни плюсы', 'Быстрая доставка порадовала', 5),
(102, 8, 'нет', 'нет', 'нет', 5),
(102, 9, 'нет', 'нет', 'нет', 5),
(103, 4, 'Цена, доставка и все остальное', 'нет', 'Мне понравилось', 5),
(103, 5, 'нет', 'нет', 'нет', 3),
(103, 8, 'нет', 'нет', 'нет', 5),
(103, 9, 'нет', 'нет', 'нет', 5),
(104, 5, 'нет', 'нет', 'нет', 3),
(104, 8, 'нет', 'нет', 'нет', 5),
(104, 9, 'нет', 'нет', 'нет', 5),
(105, 5, 'нет', 'нет', 'нет', 4),
(105, 8, 'нет', 'нет', 'нет', 5),
(105, 9, 'нет', 'нет', 'нет', 5),
(105, 3, 'нет', 'нет', 'нет', 4),
(105, 2, 'нет', 'нет', 'нет', 5),
(106, 5, 'нет', 'нет', 'нет', 3),
(106, 8, 'нет', 'нет', 'нет', 4),
(106, 9, 'нет', 'нет', 'нет', 5),
(106, 3, 'нет', 'нет', 'нет', 5),
(106, 2, 'нет', 'нет', 'нет', 5),
(107, 5, 'нет', 'нет', 'нет', 5),
(107, 8, 'нет', 'нет', 'нет', 5),
(107, 9, 'нет', 'нет', 'нет', 5),
(107, 3, 'нет', 'нет', 'нет', 5),
(107, 2, 'нет', 'нет', 'нет', 5),
(108, 5, 'нет', 'нет', 'нет', 4),
(108, 8, 'нет', 'нет', 'нет', 4),
(108, 9, 'нет', 'нет', 'нет', 5),
(108, 3, 'нет', 'нет', 'нет', 5),
(108, 2, 'нет', 'нет', 'нет', 5),
(109, 5, 'нет', 'нет', 'нет', 3),
(109, 8, 'нет', 'нет', 'нет', 4),
(109, 9, 'нет', 'нет', 'нет', 4),
(109, 3, 'нет', 'нет', 'нет', 4),
(109, 2, 'нет', 'нет', 'нет', 4),
(110, 5, 'нет', 'нет', 'нет', 4),
(110, 8, 'нет', 'нет', 'нет', 4),
(110, 9, 'нет', 'нет', 'нет', 5),
(110, 3, 'нет', 'нет', 'нет', 5),
(110, 2, 'нет', 'нет', 'нет', 5),
(121, 2, 'Круто все', 'Никаких', 'Хороший товар! Рекомендую', 5),
(121, 8, 'Я в восторге!!!', 'Одни плюсы', 'Быстрая доставка порадовала', 5),
(121, 9, 'Цена, доставка и все остальное', 'нет', 'Мне понравилось', 5),
(121, 5, 'нет', 'нет', 'нет', 3),
(121, 6, 'нет', 'нет', 'нет', 4),
(121, 7, 'нет', 'нет', 'нет', 4),
(122, 2, 'Круто все', 'Никаких', 'Хороший товар! Рекомендую', 5),
(122, 5, 'нет', 'нет', 'нет', 3),
(122, 6, 'нет', 'нет', 'нет', 3),
(122, 7, 'нет', 'нет', 'нет', 4),
(122, 8, 'нет', 'нет', 'нет', 5),
(122, 9, 'нет', 'нет', 'нет', 5),
(122, 3, 'Я в восторге!!!', 'Одни плюсы', 'Быстрая доставка порадовала', 5),
(122, 8, 'нет', 'нет', 'нет', 5),
(122, 9, 'нет', 'нет', 'нет', 5),
(123, 4, 'Цена, доставка и все остальное', 'нет', 'Мне понравилось', 5),
(123, 5, 'нет', 'нет', 'нет', 3),
(123, 8, 'нет', 'нет', 'нет', 5),
(123, 9, 'нет', 'нет', 'нет', 5),
(124, 5, 'нет', 'нет', 'нет', 3),
(124, 8, 'нет', 'нет', 'нет', 5),
(124, 9, 'нет', 'нет', 'нет', 5),
(125, 5, 'нет', 'нет', 'нет', 4),
(125, 8, 'нет', 'нет', 'нет', 5),
(125, 9, 'нет', 'нет', 'нет', 5),
(125, 3, 'нет', 'нет', 'нет', 4),
(125, 2, 'нет', 'нет', 'нет', 5),
(126, 5, 'нет', 'нет', 'нет', 3),
(126, 8, 'нет', 'нет', 'нет', 4),
(126, 9, 'нет', 'нет', 'нет', 5),
(126, 3, 'нет', 'нет', 'нет', 5),
(126, 2, 'нет', 'нет', 'нет', 5),
(127, 5, 'нет', 'нет', 'нет', 5),
(127, 8, 'нет', 'нет', 'нет', 5),
(127, 9, 'нет', 'нет', 'нет', 5),
(127, 3, 'нет', 'нет', 'нет', 5),
(127, 2, 'нет', 'нет', 'нет', 5),
(128, 5, 'нет', 'нет', 'нет', 4),
(128, 8, 'нет', 'нет', 'нет', 4),
(128, 9, 'нет', 'нет', 'нет', 5),
(128, 3, 'нет', 'нет', 'нет', 5),
(128, 2, 'нет', 'нет', 'нет', 5),
(129, 5, 'нет', 'нет', 'нет', 3),
(129, 8, 'нет', 'нет', 'нет', 4),
(129, 9, 'нет', 'нет', 'нет', 4),
(129, 3, 'нет', 'нет', 'нет', 4),
(129, 2, 'нет', 'нет', 'нет', 4),
(130, 5, 'нет', 'нет', 'нет', 4),
(130, 8, 'нет', 'нет', 'нет', 4),
(130, 9, 'нет', 'нет', 'нет', 5),
(130, 3, 'нет', 'нет', 'нет', 5),
(130, 2, 'нет', 'нет', 'нет', 5),
(131, 2, 'Круто все', 'Никаких', 'Хороший товар! Рекомендую', 5),
(131, 8, 'Я в восторге!!!', 'Одни плюсы', 'Быстрая доставка порадовала', 5),
(131, 9, 'Цена, доставка и все остальное', 'нет', 'Мне понравилось', 5),
(131, 5, 'нет', 'нет', 'нет', 3),
(131, 6, 'нет', 'нет', 'нет', 4),
(131, 7, 'нет', 'нет', 'нет', 4),
(132, 2, 'Круто все', 'Никаких', 'Хороший товар! Рекомендую', 5),
(132, 5, 'нет', 'нет', 'нет', 3),
(132, 6, 'нет', 'нет', 'нет', 3),
(132, 7, 'нет', 'нет', 'нет', 4),
(132, 8, 'нет', 'нет', 'нет', 5),
(132, 9, 'нет', 'нет', 'нет', 5),
(132, 3, 'Я в восторге!!!', 'Одни плюсы', 'Быстрая доставка порадовала', 5),
(132, 8, 'нет', 'нет', 'нет', 5),
(132, 9, 'нет', 'нет', 'нет', 5),
(133, 4, 'Цена, доставка и все остальное', 'нет', 'Мне понравилось', 5),
(133, 5, 'нет', 'нет', 'нет', 3),
(133, 8, 'нет', 'нет', 'нет', 5),
(133, 9, 'нет', 'нет', 'нет', 5),
(134, 5, 'нет', 'нет', 'нет', 3),
(134, 8, 'нет', 'нет', 'нет', 5),
(134, 9, 'нет', 'нет', 'нет', 5),
(135, 5, 'нет', 'нет', 'нет', 4),
(135, 8, 'нет', 'нет', 'нет', 5),
(135, 9, 'нет', 'нет', 'нет', 5),
(135, 3, 'нет', 'нет', 'нет', 4),
(135, 2, 'нет', 'нет', 'нет', 5),
(136, 5, 'нет', 'нет', 'нет', 3),
(136, 8, 'нет', 'нет', 'нет', 4),
(136, 9, 'нет', 'нет', 'нет', 5),
(136, 3, 'нет', 'нет', 'нет', 5),
(136, 2, 'нет', 'нет', 'нет', 5),
(137, 5, 'нет', 'нет', 'нет', 5),
(137, 8, 'нет', 'нет', 'нет', 5),
(137, 9, 'нет', 'нет', 'нет', 5),
(137, 3, 'нет', 'нет', 'нет', 5),
(137, 2, 'нет', 'нет', 'нет', 5),
(138, 5, 'нет', 'нет', 'нет', 4),
(138, 8, 'нет', 'нет', 'нет', 4),
(138, 9, 'нет', 'нет', 'нет', 5),
(138, 3, 'нет', 'нет', 'нет', 5),
(138, 2, 'нет', 'нет', 'нет', 5),
(139, 5, 'нет', 'нет', 'нет', 3),
(139, 8, 'нет', 'нет', 'нет', 4),
(139, 9, 'нет', 'нет', 'нет', 4),
(139, 3, 'нет', 'нет', 'нет', 4),
(139, 2, 'нет', 'нет', 'нет', 4),
(140, 5, 'нет', 'нет', 'нет', 4),
(140, 8, 'нет', 'нет', 'нет', 4),
(140, 9, 'нет', 'нет', 'нет', 5),
(140, 3, 'нет', 'нет', 'нет', 5),
(140, 2, 'нет', 'нет', 'нет', 5),
(151, 2, 'Круто все', 'Никаких', 'Хороший товар! Рекомендую', 5),
(151, 8, 'Я в восторге!!!', 'Одни плюсы', 'Быстрая доставка порадовала', 5),
(151, 9, 'Цена, доставка и все остальное', 'нет', 'Мне понравилось', 5),
(151, 5, 'нет', 'нет', 'нет', 3),
(151, 6, 'нет', 'нет', 'нет', 4),
(151, 7, 'нет', 'нет', 'нет', 4),
(152, 2, 'Круто все', 'Никаких', 'Хороший товар! Рекомендую', 5),
(152, 5, 'нет', 'нет', 'нет', 3),
(152, 6, 'нет', 'нет', 'нет', 3),
(152, 7, 'нет', 'нет', 'нет', 4),
(152, 8, 'нет', 'нет', 'нет', 5),
(152, 9, 'нет', 'нет', 'нет', 5),
(152, 3, 'Я в восторге!!!', 'Одни плюсы', 'Быстрая доставка порадовала', 5),
(152, 8, 'нет', 'нет', 'нет', 5),
(152, 9, 'нет', 'нет', 'нет', 5),
(153, 4, 'Цена, доставка и все остальное', 'нет', 'Мне понравилось', 5),
(153, 5, 'нет', 'нет', 'нет', 3),
(153, 8, 'нет', 'нет', 'нет', 5),
(153, 9, 'нет', 'нет', 'нет', 5),
(154, 5, 'нет', 'нет', 'нет', 3),
(154, 8, 'нет', 'нет', 'нет', 5),
(154, 9, 'нет', 'нет', 'нет', 5),
(155, 5, 'нет', 'нет', 'нет', 4),
(155, 8, 'нет', 'нет', 'нет', 5),
(155, 9, 'нет', 'нет', 'нет', 5),
(155, 3, 'нет', 'нет', 'нет', 4),
(155, 2, 'нет', 'нет', 'нет', 5),
(156, 5, 'нет', 'нет', 'нет', 3),
(156, 8, 'нет', 'нет', 'нет', 4),
(156, 9, 'нет', 'нет', 'нет', 5),
(156, 3, 'нет', 'нет', 'нет', 5),
(156, 2, 'нет', 'нет', 'нет', 5),
(157, 5, 'нет', 'нет', 'нет', 5),
(157, 8, 'нет', 'нет', 'нет', 5),
(157, 9, 'нет', 'нет', 'нет', 5),
(157, 3, 'нет', 'нет', 'нет', 5),
(157, 2, 'нет', 'нет', 'нет', 5),
(158, 5, 'нет', 'нет', 'нет', 4),
(158, 8, 'нет', 'нет', 'нет', 4),
(158, 9, 'нет', 'нет', 'нет', 5),
(158, 3, 'нет', 'нет', 'нет', 5),
(158, 2, 'нет', 'нет', 'нет', 5),
(159, 5, 'нет', 'нет', 'нет', 3),
(159, 8, 'нет', 'нет', 'нет', 4),
(159, 9, 'нет', 'нет', 'нет', 4),
(159, 3, 'нет', 'нет', 'нет', 4),
(159, 2, 'нет', 'нет', 'нет', 4),
(160, 5, 'нет', 'нет', 'нет', 4),
(160, 8, 'нет', 'нет', 'нет', 4),
(160, 9, 'нет', 'нет', 'нет', 5),
(160, 3, 'нет', 'нет', 'нет', 5),
(160, 2, 'нет', 'нет', 'нет', 5),
(161, 2, 'Круто все', 'Никаких', 'Хороший товар! Рекомендую', 5),
(161, 8, 'Я в восторге!!!', 'Одни плюсы', 'Быстрая доставка порадовала', 5),
(161, 9, 'Цена, доставка и все остальное', 'нет', 'Мне понравилось', 5),
(161, 5, 'нет', 'нет', 'нет', 3),
(161, 6, 'нет', 'нет', 'нет', 4),
(161, 7, 'нет', 'нет', 'нет', 4),
(162, 2, 'Круто все', 'Никаких', 'Хороший товар! Рекомендую', 5),
(162, 5, 'нет', 'нет', 'нет', 3),
(162, 6, 'нет', 'нет', 'нет', 3),
(162, 7, 'нет', 'нет', 'нет', 4),
(162, 8, 'нет', 'нет', 'нет', 5),
(162, 9, 'нет', 'нет', 'нет', 5),
(162, 3, 'Я в восторге!!!', 'Одни плюсы', 'Быстрая доставка порадовала', 5),
(162, 8, 'нет', 'нет', 'нет', 5),
(162, 9, 'нет', 'нет', 'нет', 5),
(163, 4, 'Цена, доставка и все остальное', 'нет', 'Мне понравилось', 5),
(163, 5, 'нет', 'нет', 'нет', 3),
(163, 8, 'нет', 'нет', 'нет', 5),
(163, 9, 'нет', 'нет', 'нет', 5),
(164, 5, 'нет', 'нет', 'нет', 3),
(164, 8, 'нет', 'нет', 'нет', 5),
(164, 9, 'нет', 'нет', 'нет', 5),
(165, 5, 'нет', 'нет', 'нет', 4),
(165, 8, 'нет', 'нет', 'нет', 5),
(165, 9, 'нет', 'нет', 'нет', 5),
(165, 3, 'нет', 'нет', 'нет', 4),
(165, 2, 'нет', 'нет', 'нет', 5),
(166, 5, 'нет', 'нет', 'нет', 3),
(166, 8, 'нет', 'нет', 'нет', 4),
(166, 9, 'нет', 'нет', 'нет', 5),
(166, 3, 'нет', 'нет', 'нет', 5),
(166, 2, 'нет', 'нет', 'нет', 5),
(167, 5, 'нет', 'нет', 'нет', 5),
(167, 8, 'нет', 'нет', 'нет', 5),
(167, 9, 'нет', 'нет', 'нет', 5),
(167, 3, 'нет', 'нет', 'нет', 5),
(167, 2, 'нет', 'нет', 'нет', 5),
(168, 5, 'нет', 'нет', 'нет', 4),
(168, 8, 'нет', 'нет', 'нет', 4),
(168, 9, 'нет', 'нет', 'нет', 5),
(168, 3, 'нет', 'нет', 'нет', 5),
(168, 2, 'нет', 'нет', 'нет', 5),
(169, 5, 'нет', 'нет', 'нет', 3),
(169, 8, 'нет', 'нет', 'нет', 4),
(169, 9, 'нет', 'нет', 'нет', 4),
(169, 3, 'нет', 'нет', 'нет', 4),
(169, 2, 'нет', 'нет', 'нет', 4),
(170, 5, 'нет', 'нет', 'нет', 4),
(170, 8, 'нет', 'нет', 'нет', 4),
(170, 9, 'нет', 'нет', 'нет', 5),
(170, 3, 'нет', 'нет', 'нет', 5),
(170, 2, 'нет', 'нет', 'нет', 5),
(181, 2, 'Круто все', 'Никаких', 'Хороший товар! Рекомендую', 5),
(181, 8, 'Я в восторге!!!', 'Одни плюсы', 'Быстрая доставка порадовала', 5),
(181, 9, 'Цена, доставка и все остальное', 'нет', 'Мне понравилось', 5),
(181, 5, 'нет', 'нет', 'нет', 3),
(181, 6, 'нет', 'нет', 'нет', 4),
(181, 7, 'нет', 'нет', 'нет', 4),
(182, 2, 'Круто все', 'Никаких', 'Хороший товар! Рекомендую', 5),
(182, 5, 'нет', 'нет', 'нет', 3),
(182, 6, 'нет', 'нет', 'нет', 3),
(182, 7, 'нет', 'нет', 'нет', 4),
(182, 8, 'нет', 'нет', 'нет', 5),
(182, 9, 'нет', 'нет', 'нет', 5),
(182, 3, 'Я в восторге!!!', 'Одни плюсы', 'Быстрая доставка порадовала', 5),
(182, 8, 'нет', 'нет', 'нет', 5),
(182, 9, 'нет', 'нет', 'нет', 5),
(183, 4, 'Цена, доставка и все остальное', 'нет', 'Мне понравилось', 5),
(183, 5, 'нет', 'нет', 'нет', 3),
(183, 8, 'нет', 'нет', 'нет', 5),
(183, 9, 'нет', 'нет', 'нет', 5),
(184, 5, 'нет', 'нет', 'нет', 3),
(184, 8, 'нет', 'нет', 'нет', 5),
(184, 9, 'нет', 'нет', 'нет', 5),
(185, 5, 'нет', 'нет', 'нет', 4),
(185, 8, 'нет', 'нет', 'нет', 5),
(185, 9, 'нет', 'нет', 'нет', 5),
(185, 3, 'нет', 'нет', 'нет', 4),
(185, 2, 'нет', 'нет', 'нет', 5),
(186, 5, 'нет', 'нет', 'нет', 3),
(186, 8, 'нет', 'нет', 'нет', 4),
(186, 9, 'нет', 'нет', 'нет', 5),
(186, 3, 'нет', 'нет', 'нет', 5),
(186, 2, 'нет', 'нет', 'нет', 5),
(187, 5, 'нет', 'нет', 'нет', 5),
(187, 8, 'нет', 'нет', 'нет', 5),
(187, 9, 'нет', 'нет', 'нет', 5),
(187, 3, 'нет', 'нет', 'нет', 5),
(187, 2, 'нет', 'нет', 'нет', 5),
(188, 5, 'нет', 'нет', 'нет', 4),
(188, 8, 'нет', 'нет', 'нет', 4),
(188, 9, 'нет', 'нет', 'нет', 5),
(188, 3, 'нет', 'нет', 'нет', 5),
(188, 2, 'нет', 'нет', 'нет', 5),
(189, 5, 'нет', 'нет', 'нет', 3),
(189, 8, 'нет', 'нет', 'нет', 4),
(189, 9, 'нет', 'нет', 'нет', 4),
(189, 3, 'нет', 'нет', 'нет', 4),
(189, 2, 'нет', 'нет', 'нет', 4),
(190, 5, 'нет', 'нет', 'нет', 4),
(190, 8, 'нет', 'нет', 'нет', 4),
(190, 9, 'нет', 'нет', 'нет', 5),
(190, 3, 'нет', 'нет', 'нет', 5),
(190, 2, 'нет', 'нет', 'нет', 5),
(191, 5, 'нет', 'нет', 'нет', 5),
(191, 6, 'нет', 'нет', 'нет', 4),
(191, 7, 'нет', 'нет', 'нет', 4),
(192, 2, 'Круто все', 'Никаких', 'Хороший товар! Рекомендую', 5),
(192, 7, 'нет', 'нет', 'нет', 4),
(192, 8, 'нет', 'нет', 'нет', 5),
(192, 9, 'нет', 'нет', 'нет', 5),
(193, 4, 'Цена, доставка и все остальное', 'нет', 'Мне понравилось', 5),
(193, 5, 'нет', 'нет', 'нет', 3),
(194, 5, 'нет', 'нет', 'нет', 3),
(194, 8, 'нет', 'нет', 'нет', 5),
(194, 9, 'нет', 'нет', 'нет', 5),
(195, 5, 'нет', 'нет', 'нет', 4),
(195, 8, 'нет', 'нет', 'нет', 5),
(195, 9, 'нет', 'нет', 'нет', 5),
(195, 3, 'нет', 'нет', 'нет', 4),
(196, 5, 'нет', 'нет', 'нет', 3),
(196, 8, 'нет', 'нет', 'нет', 4),
(196, 9, 'нет', 'нет', 'нет', 5),
(197, 5, 'нет', 'нет', 'нет', 5),
(197, 8, 'нет', 'нет', 'нет', 5),
(197, 9, 'нет', 'нет', 'нет', 5),
(198, 5, 'нет', 'нет', 'нет', 4),
(198, 8, 'нет', 'нет', 'нет', 4),
(198, 9, 'нет', 'нет', 'нет', 5),
(198, 3, 'нет', 'нет', 'нет', 5),
(198, 2, 'нет', 'нет', 'нет', 5),
(199, 5, 'нет', 'нет', 'нет', 3),
(200, 5, 'нет', 'нет', 'нет', 4),
(200, 8, 'нет', 'нет', 'нет', 4),
(201, 5, 'нет', 'нет', 'нет', 4),
(202, 8, 'нет', 'нет', 'нет', 5),
(202, 9, 'нет', 'нет', 'нет', 5),
(204, 3, 'нет', 'нет', 'нет', 4),
(205, 5, 'нет', 'нет', 'нет', 3),
(206, 8, 'нет', 'нет', 'нет', 4),
(207, 5, 'нет', 'нет', 'нет', 5),
(208, 8, 'нет', 'нет', 'нет', 5),
(209, 9, 'нет', 'нет', 'нет', 5),
(210, 5, 'нет', 'нет', 'нет', 4),
(211, 8, 'нет', 'нет', 'нет', 4),
(212, 9, 'нет', 'нет', 'нет', 5),
(213, 3, 'нет', 'нет', 'нет', 5),
(214, 2, 'нет', 'нет', 'нет', 5),
(215, 5, 'нет', 'нет', 'нет', 3),
(216, 5, 'нет', 'нет', 'нет', 4),
(217, 8, 'нет', 'нет', 'нет', 4),
(218, 5, 'нет', 'нет', 'нет', 5),
(219, 8, 'нет', 'нет', 'нет', 5),
(220, 9, 'нет', 'нет', 'нет', 4),
(221, 3, 'нет', 'нет', 'нет', 5),
(222, 2, 'нет', 'нет', 'нет', 5),
(223, 5, 'нет', 'нет', 'нет', 5),
(224, 5, 'нет', 'нет', 'нет', 4),
(225, 8, 'нет', 'нет', 'нет', 4),
(226, 9, 'нет', 'нет', 'нет', 4),
(227, 3, 'нет', 'нет', 'нет', 5),
(228, 2, 'нет', 'нет', 'нет', 5),
(229, 5, 'нет', 'нет', 'нет', 5),
(230, 5, 'нет', 'нет', 'нет', 4),
(231, 8, 'нет', 'нет', 'нет', 4),
(232, 2, 'нет', 'нет', 'нет', 5),
(233, 5, 'нет', 'нет', 'нет', 5),
(234, 5, 'нет', 'нет', 'нет', 4),
(235, 8, 'нет', 'нет', 'нет', 4),
(236, 9, 'нет', 'нет', 'нет', 4),
(237, 3, 'нет', 'нет', 'нет', 5),
(238, 2, 'нет', 'нет', 'нет', 5),
(239, 5, 'нет', 'нет', 'нет', 5),
(240, 5, 'нет', 'нет', 'нет', 4),
(241, 8, 'нет', 'нет', 'нет', 4),
(242, 2, 'нет', 'нет', 'нет', 5),
(243, 5, 'нет', 'нет', 'нет', 5),
(244, 5, 'нет', 'нет', 'нет', 4),
(245, 8, 'нет', 'нет', 'нет', 4),
(246, 9, 'нет', 'нет', 'нет', 4),
(247, 3, 'нет', 'нет', 'нет', 5),
(248, 2, 'нет', 'нет', 'нет', 5),
(249, 5, 'нет', 'нет', 'нет', 5),
(250, 5, 'нет', 'нет', 'нет', 4),
(251, 8, 'нет', 'нет', 'нет', 4),
(252, 2, 'нет', 'нет', 'нет', 5),
(253, 5, 'нет', 'нет', 'нет', 5),
(254, 5, 'нет', 'нет', 'нет', 4),
(255, 8, 'нет', 'нет', 'нет', 4),
(256, 9, 'нет', 'нет', 'нет', 4),
(257, 3, 'нет', 'нет', 'нет', 5),
(258, 2, 'нет', 'нет', 'нет', 5),
(259, 5, 'нет', 'нет', 'нет', 5),
(260, 5, 'нет', 'нет', 'нет', 4),
(261, 8, 'нет', 'нет', 'нет', 4),
(262, 2, 'нет', 'нет', 'нет', 5),
(263, 5, 'нет', 'нет', 'нет', 5),
(264, 5, 'нет', 'нет', 'нет', 4),
(265, 8, 'нет', 'нет', 'нет', 4),
(266, 9, 'нет', 'нет', 'нет', 4),
(267, 3, 'нет', 'нет', 'нет', 5),
(268, 2, 'нет', 'нет', 'нет', 5),
(269, 5, 'нет', 'нет', 'нет', 5);